Area,Boro,AreaType,2010-01,2010-02,2010-03,2010-04,2010-05,2010-06,2010-07,2010-08,2010-09,2010-10,2010-11,2010-12,2011-01,2011-02,2011-03,2011-04,2011-05,2011-06,2011-07,2011-08,2011-09,2011-10,2011-11,2011-12,2012-01,2012-02,2012-03,2012-04,2012-05,2012-06,2012-07,2012-08,2012-09,2012-10,2012-11,2012-12,2013-01,2013-02,2013-03,2013-04,2013-05,2013-06,2013-07,2013-08,2013-09,2013-10,2013-11,2013-12,2014-01,2014-02,2014-03,2014-04,2014-05,2014-06,2014-07,2014-08,2014-09,2014-10,2014-11,2014-12,2015-01,2015-02,2015-03,2015-04,2015-05,2015-06,2015-07,2015-08,2015-09,2015-10,2015-11,2015-12,2016-01,2016-02,2016-03,2016-04,2016-05,2016-06,2016-07,2016-08,2016-09,2016-10,2016-11,2016-12,2017-01,2017-02,2017-03,2017-04,2017-05,2017-06,2017-07,2017-08,2017-09,2017-10,2017-11,2017-12,2018-01,2018-02,2018-03
All Downtown,Manhattan,submarket,863.0,916.0,991.0,1029.0,1005.0,1020.0,1002.0,943.0,1031.0,1107.0,1064.0,975.0,998.0,995.0,1042.0,1094.0,1105.0,1090.0,1027.0,930.0,979.0,1040.0,956.0,893.0,906.0,898.0,953.0,972.0,944.0,917.0,830.0,753.0,764.0,778.0,718.0,636.0,679.0,726.0,749.0,834.0,844.0,769.0,695.0,642.0,671.0,716.0,632.0,548.0,553.0,583.0,620.0,700.0,734.0,634.0,607.0,575.0,626.0,667.0,581.0,479.0,495.0,560.0,596.0,650.0,672.0,625.0,558.0,527.0,586.0,685.0,615.0,493.0,518.0,591.0,673.0,737.0,736.0,704.0,655.0,601.0,701.0,746.0,726.0,610.0,606.0,638.0,754.0,771.0,806.0,779.0,721.0,626.0,727.0,779.0,746.0,629.0,664.0,716.0,781.0
All Midtown,Manhattan,submarket,979.0,1002.0,1052.0,1102.0,1096.0,1084.0,1042.0,1002.0,1083.0,1112.0,1057.0,966.0,986.0,1047.0,1115.0,1122.0,1149.0,1103.0,1100.0,1043.0,1050.0,1112.0,1084.0,1006.0,1006.0,1015.0,1085.0,1094.0,1091.0,1064.0,1028.0,965.0,982.0,990.0,948.0,888.0,912.0,923.0,924.0,975.0,993.0,927.0,869.0,782.0,794.0,850.0,794.0,685.0,687.0,708.0,745.0,756.0,776.0,733.0,696.0,653.0,711.0,750.0,694.0,624.0,603.0,648.0,700.0,740.0,702.0,680.0,651.0,587.0,652.0,710.0,667.0,574.0,589.0,624.0,679.0,701.0,689.0,672.0,654.0,617.0,678.0,728.0,720.0,642.0,668.0,656.0,709.0,727.0,746.0,760.0,703.0,668.0,769.0,787.0,724.0,649.0,673.0,739.0,820.0
All Upper East Side,Manhattan,submarket,1341.0,1421.0,1508.0,1549.0,1536.0,1485.0,1406.0,1343.0,1425.0,1516.0,1481.0,1354.0,1379.0,1407.0,1495.0,1505.0,1524.0,1483.0,1419.0,1288.0,1367.0,1447.0,1377.0,1266.0,1348.0,1387.0,1533.0,1498.0,1498.0,1422.0,1342.0,1241.0,1285.0,1322.0,1233.0,1108.0,1168.0,1257.0,1270.0,1306.0,1291.0,1179.0,1032.0,959.0,1016.0,1061.0,933.0,815.0,872.0,906.0,944.0,980.0,1003.0,934.0,883.0,826.0,939.0,1050.0,939.0,848.0,847.0,907.0,922.0,968.0,971.0,959.0,868.0,760.0,840.0,916.0,843.0,752.0,741.0,810.0,902.0,1001.0,996.0,996.0,901.0,808.0,859.0,958.0,912.0,803.0,822.0,905.0,979.0,1044.0,1055.0,1003.0,948.0,866.0,967.0,1061.0,1026.0,928.0,953.0,1044.0,1143.0
All Upper Manhattan,Manhattan,submarket,425.0,435.0,458.0,489.0,473.0,455.0,446.0,428.0,458.0,488.0,468.0,434.0,437.0,459.0,509.0,534.0,547.0,549.0,554.0,495.0,517.0,513.0,505.0,474.0,478.0,478.0,508.0,513.0,518.0,509.0,480.0,453.0,448.0,415.0,397.0,379.0,366.0,349.0,348.0,374.0,374.0,362.0,364.0,331.0,335.0,340.0,317.0,286.0,283.0,299.0,290.0,318.0,361.0,343.0,329.0,299.0,291.0,304.0,302.0,257.0,253.0,267.0,275.0,263.0,273.0,286.0,256.0,244.0,262.0,263.0,247.0,212.0,211.0,224.0,257.0,270.0,276.0,277.0,265.0,242.0,255.0,251.0,232.0,196.0,193.0,210.0,225.0,237.0,257.0,270.0,255.0,249.0,273.0,290.0,293.0,260.0,251.0,245.0,252.0
All Upper West Side,Manhattan,submarket,723.0,736.0,777.0,831.0,822.0,807.0,756.0,703.0,757.0,822.0,774.0,704.0,749.0,775.0,823.0,864.0,859.0,853.0,796.0,735.0,790.0,794.0,772.0,677.0,711.0,752.0,800.0,795.0,762.0,697.0,603.0,542.0,575.0,604.0,560.0,466.0,498.0,517.0,584.0,650.0,671.0,607.0,537.0,496.0,535.0,574.0,515.0,428.0,440.0,486.0,515.0,549.0,596.0,567.0,527.0,464.0,524.0,573.0,501.0,403.0,413.0,458.0,475.0,518.0,538.0,526.0,459.0,409.0,455.0,524.0,458.0,377.0,360.0,397.0,473.0,532.0,523.0,503.0,443.0,400.0,484.0,535.0,486.0,404.0,405.0,420.0,470.0,530.0,574.0,561.0,523.0,462.0,543.0,611.0,565.0,473.0,487.0,511.0,557.0
Alley Park,Queens,neighborhood,,,,,,,,,,,,,,,,,,,,,,,,,,,,,,,,,,,,,,,,,,,,,,,,,,,,,,,,,,,,,,,,,,,,,,,,,,,,,,,,,,,,,,,,,,,,,,,,,,,
Astoria,Queens,neighborhood,,,,,10.0,13.0,13.0,11.0,10.0,,11.0,10.0,11.0,12.0,15.0,17.0,18.0,20.0,24.0,21.0,19.0,20.0,15.0,12.0,12.0,15.0,18.0,17.0,18.0,16.0,21.0,24.0,28.0,26.0,21.0,15.0,13.0,13.0,12.0,14.0,15.0,15.0,16.0,17.0,16.0,24.0,34.0,39.0,48.0,51.0,36.0,27.0,20.0,23.0,22.0,26.0,23.0,23.0,22.0,17.0,18.0,22.0,27.0,25.0,20.0,24.0,21.0,26.0,27.0,21.0,22.0,17.0,17.0,18.0,16.0,23.0,16.0,21.0,19.0,21.0,20.0,20.0,21.0,14.0,13.0,14.0,11.0,15.0,17.0,28.0,34.0,33.0,31.0,35.0,33.0,26.0,22.0,18.0,22.0
Auburndale,Queens,neighborhood,,,,,,,,,,,,,,,,,,,,,,,,,,,,,,,,,,,,,,,,,,,,,,,,,,,,,,,,,,,,,,,,,,,,,,,,,,,,,,,,,,,,,,,,,,,,,,,,,,,
Bath Beach,Brooklyn,neighborhood,,,,,,,,,,,,,,,,,,,,,,,,,,,,,,,,,,,,,,,,,,,,,,,,,,,,,,,,,,,,,,,,,,,,,,,,,,,,,,,,,,,,,,,,,,,,,,11.0,10.0,,,,
Battery Park City,Manhattan,neighborhood,,,,,,,,,,,,,,,,,,,,,,,,,,,,,,,,,,,,,,,,,,,,,,,,,,,,,,,,,,,,,,,,,,,,,,,,,,,,,,,,,,,,,,,,,,,,,,,,,,,
Bay Ridge,Brooklyn,neighborhood,37.0,37.0,35.0,34.0,38.0,43.0,47.0,52.0,50.0,50.0,47.0,43.0,42.0,43.0,54.0,48.0,54.0,52.0,56.0,55.0,54.0,61.0,53.0,50.0,51.0,51.0,52.0,57.0,63.0,71.0,70.0,74.0,80.0,76.0,64.0,57.0,64.0,56.0,50.0,61.0,62.0,70.0,70.0,68.0,63.0,63.0,70.0,65.0,71.0,85.0,91.0,103.0,106.0,99.0,94.0,82.0,87.0,86.0,79.0,64.0,69.0,63.0,71.0,73.0,78.0,68.0,58.0,57.0,61.0,64.0,59.0,45.0,45.0,50.0,64.0,72.0,77.0,79.0,68.0,70.0,78.0,87.0,90.0,76.0,67.0,76.0,86.0,97.0,105.0,117.0,119.0,104.0,117.0,126.0,110.0,95.0,97.0,110.0,129.0
Baychester,Bronx,neighborhood,,,,,,,,,,,,,,,,,,,,,,,,,,,,,,,,,,,,,,,,,,,,,,,,,,,,,,,,,,,,,,,,,,,,,,,,,,,,,,,,,,,,,,,,,,,,,,,,,,,
Bayside,Queens,neighborhood,11.0,13.0,15.0,21.0,20.0,23.0,27.0,22.0,23.0,22.0,23.0,24.0,24.0,28.0,32.0,34.0,35.0,29.0,36.0,32.0,30.0,27.0,22.0,22.0,21.0,19.0,18.0,17.0,21.0,20.0,17.0,16.0,11.0,14.0,14.0,21.0,20.0,22.0,24.0,23.0,15.0,16.0,14.0,15.0,20.0,21.0,22.0,15.0,17.0,17.0,23.0,36.0,45.0,54.0,49.0,48.0,58.0,45.0,38.0,35.0,37.0,33.0,29.0,32.0,39.0,32.0,35.0,41.0,40.0,33.0,29.0,22.0,25.0,21.0,27.0,23.0,29.0,29.0,28.0,23.0,23.0,32.0,34.0,34.0,24.0,24.0,30.0,19.0,27.0,45.0,55.0,50.0,34.0,37.0,40.0,35.0,29.0,23.0,23.0
Bedford Park,Bronx,neighborhood,,,,10.0,12.0,10.0,11.0,14.0,13.0,,,,,,,,,,,,,,,,,,,,,,,,,,,,,,,,13.0,27.0,22.0,44.0,39.0,23.0,17.0,13.0,12.0,10.0,10.0,10.0,,,,,,,,,,,,,10.0,,,,,,,,,,,,,,,,,,,,,,,,,,,10.0,,,11.0,,,,10.0
Bedford-Stuyvesant,Brooklyn,neighborhood,,,,,,,,,,,,,,,,,,,,,,,,,,41.0,41.0,50.0,25.0,19.0,20.0,17.0,14.0,13.0,12.0,11.0,22.0,21.0,21.0,21.0,20.0,17.0,15.0,16.0,16.0,16.0,13.0,12.0,12.0,11.0,11.0,11.0,11.0,,,,,,,,,,,,,,,,,,,,,,,,,,,,,,,,,,,,,,,,,,,,,,
Bellerose,Queens,neighborhood,,,,,,,,,,,,,,,,,,,,,,,,,,,,,,,,,,,,,,,,,,,,,,,,,,,,,,,,,,,,,,,,,,,,,,,,,,,,,,,,,,,,,,,,,,,,,,,,,,13.0,
Belmont,Bronx,neighborhood,,,,,,,,,,,,,,,,,,,,,,,,,,,,,,,,,,,,,,,,,,,,,,,,,,,,,,,,,,,,,,,,,,,,,,,,,,,,,,,,,,,,,,,,,,,,,,,,,,,
Bensonhurst,Brooklyn,neighborhood,,,,,,,,,,,,,,,,,,,,,,,,,,,,,,,,,,,,,,,,,,,,,,,,,,,,,,,,,,,,,,,,,,,,,,,,,,,,,,,,,,,,,,,,,,,,,,,,,,,
Bergen Beach,Brooklyn,neighborhood,,,,,,,,,,,,,,,,,,,,,,,,,,,,,,,,,,,,,,,,,,,,,,,,,,,,,,,,,,,,,,,,,,,,,,,,,,,,,,,,,,,,,,,,,,,,,,,,,,,
Boerum Hill,Brooklyn,neighborhood,,,,,,,,,,10.0,11.0,10.0,,,,,,,,,,,,,,10.0,,,,,,,,,,,,,,,,,,,,,,,,,,,,,,,,,,,,,,,,,,,,,,,,,,11.0,,,,,,,,,,,,,,,,,,,,,,,
Borough Park,Brooklyn,neighborhood,,,,,,,,,,,,,,,,,,,,,,,,,,,,,,,,,,,,,,,,,,,,,,,,,,,,,,,,,,,,,,,,,,,,,,,,,,,,,,,,,,,,,,,,,,,,,,,,,,,
Bowne Park,Queens,neighborhood,,,,,,,,,,,,,,,,,,,,,,,,,,,,,,,,,,,,,,,,,,,,,,,,,,,,,,,,,,,,,,,,,,,,,,,,,,,,,,,,,,,,,,,,,,,,,,,,,,,
Briarwood,Queens,neighborhood,11.0,11.0,13.0,11.0,10.0,13.0,13.0,16.0,15.0,15.0,14.0,12.0,11.0,10.0,15.0,20.0,21.0,20.0,22.0,20.0,23.0,24.0,21.0,22.0,25.0,19.0,18.0,20.0,21.0,27.0,25.0,23.0,21.0,26.0,25.0,28.0,29.0,29.0,35.0,37.0,37.0,37.0,39.0,43.0,38.0,37.0,32.0,31.0,26.0,29.0,29.0,32.0,34.0,40.0,40.0,35.0,35.0,32.0,29.0,28.0,24.0,27.0,27.0,29.0,34.0,38.0,40.0,37.0,33.0,32.0,28.0,22.0,22.0,24.0,26.0,21.0,23.0,19.0,24.0,21.0,25.0,24.0,22.0,23.0,19.0,18.0,13.0,11.0,12.0,22.0,40.0,33.0,24.0,24.0,26.0,17.0,14.0,20.0,23.0
Brighton Beach,Brooklyn,neighborhood,,,,,,,,,,,,,,,,,,,,,,,,,10.0,10.0,11.0,10.0,11.0,,,,,,,10.0,10.0,,,14.0,15.0,15.0,15.0,18.0,17.0,17.0,17.0,15.0,14.0,13.0,10.0,,10.0,14.0,14.0,15.0,15.0,14.0,14.0,14.0,15.0,15.0,14.0,16.0,12.0,11.0,13.0,11.0,13.0,16.0,15.0,16.0,15.0,16.0,23.0,19.0,20.0,16.0,18.0,13.0,12.0,16.0,26.0,23.0,23.0,27.0,29.0,27.0,34.0,31.0,33.0,33.0,33.0,30.0,32.0,31.0,29.0,29.0,31.0
Bronx,Bronx,borough,373.0,392.0,408.0,440.0,398.0,402.0,394.0,387.0,395.0,407.0,385.0,385.0,436.0,434.0,488.0,502.0,568.0,580.0,569.0,549.0,510.0,501.0,508.0,492.0,497.0,512.0,557.0,585.0,593.0,601.0,618.0,604.0,595.0,587.0,573.0,556.0,554.0,547.0,596.0,620.0,617.0,629.0,618.0,623.0,600.0,570.0,566.0,530.0,538.0,545.0,591.0,573.0,604.0,585.0,589.0,616.0,599.0,589.0,555.0,511.0,500.0,524.0,558.0,545.0,563.0,578.0,579.0,581.0,565.0,527.0,495.0,459.0,439.0,435.0,455.0,463.0,450.0,447.0,423.0,410.0,404.0,402.0,379.0,363.0,353.0,333.0,374.0,377.0,388.0,394.0,417.0,388.0,376.0,365.0,350.0,301.0,295.0,284.0,317.0
Bronxwood,Bronx,neighborhood,,,,,,,,,,,,,,,,,,,,,,,,,,,,,,,,,,,,,,,,,,,,,,,,,,,,,,,,,,,,,,,,,,,,,,,,,,,,,,,,13.0,14.0,16.0,15.0,10.0,,,,,,10.0,,,,,,,,,
Brooklyn,Brooklyn,borough,642.0,711.0,784.0,842.0,822.0,799.0,780.0,744.0,807.0,874.0,855.0,772.0,784.0,832.0,961.0,1005.0,1010.0,1041.0,995.0,938.0,962.0,996.0,971.0,867.0,853.0,897.0,967.0,1027.0,1020.0,988.0,905.0,857.0,884.0,878.0,763.0,685.0,720.0,718.0,718.0,804.0,837.0,774.0,690.0,640.0,649.0,705.0,626.0,539.0,566.0,581.0,632.0,705.0,750.0,720.0,687.0,629.0,686.0,708.0,665.0,545.0,571.0,605.0,668.0,748.0,787.0,706.0,635.0,555.0,641.0,725.0,656.0,568.0,568.0,590.0,698.0,755.0,764.0,715.0,652.0,608.0,682.0,729.0,708.0,612.0,599.0,642.0,716.0,784.0,861.0,858.0,839.0,791.0,829.0,888.0,827.0,713.0,715.0,767.0,860.0
Brooklyn Heights,Brooklyn,neighborhood,94.0,107.0,126.0,129.0,136.0,138.0,125.0,112.0,129.0,139.0,125.0,109.0,116.0,134.0,150.0,159.0,148.0,142.0,131.0,109.0,113.0,118.0,118.0,87.0,92.0,109.0,110.0,108.0,110.0,99.0,80.0,77.0,80.0,75.0,60.0,52.0,57.0,53.0,66.0,77.0,77.0,74.0,64.0,54.0,51.0,55.0,54.0,42.0,44.0,46.0,48.0,62.0,65.0,56.0,50.0,37.0,49.0,56.0,52.0,36.0,40.0,48.0,59.0,70.0,75.0,67.0,58.0,50.0,65.0,87.0,66.0,46.0,52.0,54.0,71.0,90.0,74.0,64.0,52.0,45.0,59.0,60.0,54.0,39.0,39.0,53.0,61.0,69.0,69.0,73.0,69.0,50.0,62.0,69.0,68.0,51.0,51.0,57.0,71.0
Brookville,Queens,neighborhood,,,,,,,,,,,,,,,,,,,,,,,,,,,,,,,,,,,,,,,,,,,,,,,,,,,,,,,,,,,,,,,,,,,,,,,,,,,,,,,,,,,,,,,,,,,,,,,,,,,
Brownsville,Brooklyn,neighborhood,,,,,,,,,,,,,,,,,,,,,,,,,,,,,,,,,,,,,,,,,,,,,,,,,,,,,,,,,,,,,,,,,,,,,,,,,,,,,,,,,,,,,,,,,,,,,,,,,,,
Bushwick,Brooklyn,neighborhood,,,,,,,,,,,,,,,,,,,,,,,,,,,,,,,,,,,,,,,,,,,,,,,,,,,,,,,,,,,,,,,,,,,,,,,,,,,,,,,,,,,,,,,,,,,,,,,,,,,
Cambria Heights,Queens,neighborhood,,,,,,,,,,,,,,,,,,,,,,,,,,,,,,,,,,,,,,,,,,,,,,,,,,,,,,,,,,,,,,,,,,,,,,,,,,,,,,,,,,,,,,,,,,,,,,,,,,,
Canarsie,Brooklyn,neighborhood,,,,,,,,,,,,,,,,,,,,,,,,,,,,,,,,,,,,,,,,,,,,,,,,,,,,,,,,,,,,,,,,,10.0,11.0,,10.0,10.0,,,,10.0,,,,,,,,,,,,,,,,,,,,,,,,,,
Carroll Gardens,Brooklyn,neighborhood,,,,18.0,17.0,14.0,11.0,13.0,11.0,11.0,11.0,,10.0,,17.0,19.0,20.0,18.0,13.0,10.0,11.0,15.0,13.0,11.0,11.0,13.0,20.0,24.0,25.0,17.0,17.0,12.0,19.0,19.0,11.0,,,,,,,11.0,12.0,,,10.0,,,,,,,,,,,,,,,,,,13.0,14.0,,,,11.0,13.0,11.0,,,,10.0,,,,,,,,,,,,,10.0,,,10.0,,10.0,,,,,,
Castle Hill,Bronx,neighborhood,,,,,,,,,,,,,,,,,,,,,,,,,,,,,,,,,,,,,,,,,,,,,,,,,,,,,,,,,,,,,,,,,,,,,,,,,,,,,,,,,,,,,,,,,,,,,,,,,,,
Central Harlem,Manhattan,neighborhood,98.0,102.0,101.0,106.0,98.0,86.0,85.0,82.0,85.0,85.0,86.0,84.0,86.0,89.0,92.0,98.0,111.0,119.0,122.0,107.0,104.0,113.0,117.0,115.0,115.0,115.0,116.0,107.0,108.0,99.0,101.0,90.0,84.0,85.0,78.0,77.0,77.0,76.0,71.0,72.0,67.0,66.0,75.0,68.0,58.0,73.0,76.0,73.0,63.0,57.0,49.0,55.0,64.0,67.0,65.0,62.0,55.0,58.0,63.0,58.0,55.0,55.0,51.0,40.0,48.0,50.0,42.0,38.0,37.0,38.0,38.0,38.0,41.0,42.0,44.0,51.0,60.0,62.0,57.0,53.0,51.0,55.0,54.0,50.0,48.0,51.0,57.0,61.0,64.0,63.0,65.0,64.0,69.0,71.0,74.0,68.0,62.0,63.0,65.0
Central Park South,Manhattan,neighborhood,40.0,38.0,35.0,34.0,34.0,35.0,35.0,30.0,24.0,25.0,22.0,18.0,19.0,21.0,26.0,27.0,28.0,25.0,25.0,27.0,26.0,31.0,36.0,30.0,30.0,35.0,37.0,36.0,33.0,38.0,36.0,35.0,36.0,33.0,29.0,29.0,28.0,31.0,26.0,23.0,27.0,23.0,19.0,19.0,19.0,17.0,20.0,19.0,20.0,20.0,20.0,23.0,18.0,17.0,17.0,20.0,22.0,20.0,20.0,23.0,24.0,32.0,34.0,32.0,33.0,27.0,26.0,27.0,26.0,25.0,19.0,14.0,18.0,21.0,20.0,24.0,25.0,25.0,24.0,19.0,20.0,24.0,25.0,23.0,22.0,21.0,20.0,18.0,20.0,20.0,20.0,18.0,21.0,26.0,23.0,18.0,16.0,18.0,18.0
Central Queens,Queens,submarket,83.0,91.0,103.0,125.0,139.0,164.0,176.0,187.0,187.0,192.0,191.0,196.0,206.0,232.0,270.0,293.0,325.0,329.0,364.0,303.0,299.0,295.0,287.0,268.0,261.0,265.0,291.0,294.0,322.0,344.0,345.0,360.0,359.0,380.0,359.0,340.0,338.0,350.0,367.0,373.0,368.0,366.0,349.0,338.0,330.0,336.0,317.0,311.0,304.0,309.0,340.0,376.0,376.0,370.0,377.0,388.0,374.0,389.0,380.0,349.0,325.0,315.0,331.0,329.0,354.0,352.0,356.0,322.0,319.0,341.0,339.0,297.0,317.0,315.0,320.0,330.0,363.0,391.0,391.0,381.0,381.0,397.0,387.0,349.0,351.0,335.0,368.0,382.0,396.0,461.0,476.0,482.0,439.0,458.0,461.0,413.0,419.0,436.0,467.0
Chelsea,Manhattan,neighborhood,164.0,160.0,179.0,187.0,192.0,190.0,184.0,169.0,181.0,203.0,204.0,185.0,182.0,188.0,191.0,194.0,198.0,190.0,181.0,162.0,166.0,194.0,168.0,153.0,153.0,152.0,153.0,151.0,145.0,132.0,127.0,127.0,126.0,127.0,119.0,113.0,128.0,138.0,141.0,139.0,140.0,129.0,127.0,131.0,137.0,138.0,119.0,100.0,96.0,102.0,101.0,117.0,119.0,102.0,84.0,80.0,89.0,98.0,95.0,79.0,84.0,92.0,87.0,116.0,111.0,106.0,98.0,86.0,95.0,118.0,103.0,86.0,85.0,92.0,103.0,104.0,111.0,104.0,103.0,103.0,114.0,115.0,118.0,103.0,111.0,104.0,115.0,117.0,122.0,120.0,114.0,103.0,114.0,124.0,119.0,95.0,101.0,122.0,136.0
Chinatown,Manhattan,neighborhood,,,,,,,,,,,,,,,,,,,,,,,,,,,,,,,,,,,,,,,,,,,,,,,,,,,,,,,,,,,,,,,,,,,,,,,,,,,,,,,,,,,,,,,,,,,,,,,,,,,
City Island,Bronx,neighborhood,,,,,,,,,,,,,,,,,,,,,,,,,,,,,,,,,,,,,,,,,,,,,,,,,,,,,,,,,,,,,,,,,,,,,,,,,,,,,,,,,,,,,,,,,,,,,,,,,,,
Civic Center,Manhattan,neighborhood,13.0,11.0,13.0,12.0,10.0,,11.0,12.0,,,,,,11.0,16.0,16.0,,,,,,,,,10.0,,12.0,14.0,11.0,12.0,12.0,12.0,10.0,10.0,10.0,11.0,14.0,12.0,13.0,15.0,13.0,,10.0,10.0,11.0,11.0,13.0,10.0,11.0,12.0,13.0,10.0,,,,,,,,,,,,,,,,,,,,,,,,,,10.0,,,,,,,,,,10.0,,,10.0,,,,,,,,
Clearview,Queens,neighborhood,,,,,,,,,,,,,,,,,,,,,,,,,,,,,,,,,,,,,,,,,,,,,,,,,,,,,,,,,,,,,,,,,,,,10.0,,,,,,,,,,,,,,,,,,,,,,,,,,,,,,,
Clinton Hill,Brooklyn,neighborhood,41.0,43.0,45.0,48.0,54.0,56.0,61.0,51.0,56.0,62.0,59.0,53.0,56.0,61.0,58.0,62.0,63.0,76.0,67.0,64.0,73.0,79.0,78.0,68.0,60.0,60.0,57.0,58.0,58.0,48.0,47.0,49.0,50.0,52.0,42.0,38.0,34.0,35.0,32.0,36.0,32.0,30.0,26.0,22.0,24.0,34.0,34.0,25.0,25.0,25.0,28.0,34.0,46.0,39.0,38.0,35.0,29.0,30.0,25.0,16.0,15.0,19.0,30.0,36.0,41.0,35.0,35.0,33.0,42.0,48.0,44.0,36.0,32.0,31.0,31.0,28.0,32.0,27.0,22.0,22.0,26.0,27.0,24.0,23.0,26.0,25.0,32.0,39.0,38.0,32.0,24.0,28.0,24.0,19.0,18.0,15.0,16.0,19.0,26.0
Co-op City,Bronx,neighborhood,,,,,,,,,,,,,,,,,,,,,,,,,,,,,,,,,,,,,,,,,,,,,,,,,,,,,,,,,,,,,,,,,,,,,,,,,,,,,,,,,,,,,,,,,,,,,,,,,,,
Cobble Hill,Brooklyn,neighborhood,13.0,14.0,13.0,13.0,12.0,,10.0,,,14.0,19.0,14.0,13.0,13.0,17.0,16.0,14.0,11.0,,,,17.0,16.0,16.0,12.0,16.0,17.0,13.0,14.0,10.0,,,,,,,,,,,,,,,,,,,,,,,,,,,,,,,,,,10.0,11.0,10.0,11.0,10.0,11.0,13.0,,,,11.0,13.0,13.0,14.0,12.0,,,,,,,,,11.0,10.0,,,,,10.0,10.0,11.0,,,,
College Point,Queens,neighborhood,,,,,,,,,,,,,,,,,,,,,,,,,,,,,,,,,,,,,,,,,,,,,,,,,,,,,,,,,,,,,,,,,,,,,,,,,,,,,,,,,,,,,,,,,,,,,,,,,,,
Columbia St Waterfront District,Brooklyn,neighborhood,,,,,,,,,,,,,,,,,,,,,,,,,,,,,,,,,,,,,,,,,,,,,,,,,,,,,,,,,,,,,,,,,,,,,,,,,,,,,,,,,,,,,,,,,,,,,,,,,,,
Concourse,Bronx,neighborhood,30.0,35.0,37.0,43.0,40.0,40.0,39.0,40.0,40.0,38.0,37.0,33.0,30.0,28.0,37.0,38.0,40.0,31.0,29.0,27.0,23.0,22.0,18.0,20.0,17.0,16.0,18.0,25.0,24.0,27.0,23.0,29.0,25.0,25.0,26.0,27.0,22.0,26.0,25.0,24.0,26.0,28.0,27.0,28.0,28.0,28.0,31.0,30.0,26.0,29.0,28.0,30.0,30.0,24.0,21.0,21.0,23.0,19.0,17.0,19.0,19.0,18.0,17.0,16.0,23.0,23.0,22.0,24.0,21.0,20.0,23.0,19.0,16.0,12.0,15.0,13.0,14.0,12.0,14.0,15.0,25.0,18.0,23.0,23.0,27.0,24.0,29.0,29.0,30.0,25.0,27.0,26.0,25.0,26.0,23.0,17.0,21.0,21.0,29.0
Coney Island,Brooklyn,neighborhood,,,,,,,,,,,,,,,,,,,,,,,,,,,,,,,,,,,,,,,11.0,14.0,16.0,20.0,21.0,26.0,25.0,28.0,27.0,27.0,26.0,16.0,17.0,19.0,19.0,16.0,22.0,21.0,19.0,17.0,17.0,,10.0,14.0,12.0,11.0,16.0,16.0,16.0,16.0,15.0,17.0,17.0,18.0,21.0,16.0,19.0,15.0,16.0,14.0,15.0,18.0,19.0,23.0,27.0,32.0,33.0,36.0,33.0,26.0,28.0,29.0,29.0,27.0,26.0,30.0,27.0,25.0,26.0,28.0,29.0
Corona,Queens,neighborhood,,,,,,,,,,,,,,,,,,,10.0,,,,,,,,,,,,,,,,,,,,,10.0,12.0,12.0,12.0,11.0,10.0,,,,,,,,10.0,,,,,,,11.0,,,,,,,,,,,,,,,,,,,,,,,,,,,,,,,,,,,,,,,
Country Club,Bronx,neighborhood,,,,,,,,,,,,,,,,,,,,,,,,,,,,,,,,,,,,,,,,,,,,,,,,,,,,,,,,,,,,,,,,,,,,,,,,,,,,,,,,,,,,,,,,,,,,,,,,,,,
Crotona Park East,Bronx,neighborhood,,,,,,,,,,,,,,,,,,,,,,,,,,,,,,,,,,,,,,,,,,,,,,,,,,,,,,,,,,,,,,,,,,,,,,,,,,,,,,,,,,,,,,,,,,,,,,,,,,,
Crown Heights,Brooklyn,neighborhood,10.0,13.0,12.0,13.0,13.0,,,,,11.0,10.0,,,10.0,10.0,12.0,12.0,14.0,13.0,11.0,10.0,10.0,10.0,,,10.0,16.0,20.0,21.0,15.0,14.0,11.0,16.0,14.0,12.0,11.0,,,,11.0,12.0,,,,,,,,,,,,,11.0,12.0,13.0,10.0,10.0,11.0,,,,,10.0,14.0,14.0,10.0,10.0,11.0,14.0,12.0,13.0,11.0,12.0,10.0,12.0,12.0,10.0,12.0,14.0,17.0,17.0,13.0,13.0,15.0,13.0,12.0,13.0,13.0,15.0,16.0,15.0,13.0,14.0,15.0,14.0,16.0,14.0,14.0
DUMBO,Brooklyn,neighborhood,,,,,,,,,,,,,,,,,,,,,,,,,,,,,,,,,,,,,,,,,,,,,,,,,,,,,,,,,,,,,,,,,,,,,,,,,,,,,,,,,,,,,,,,,,,,,,,,,,,
Ditmas Park,Brooklyn,neighborhood,22.0,27.0,32.0,35.0,26.0,22.0,21.0,21.0,22.0,23.0,20.0,17.0,19.0,23.0,25.0,27.0,25.0,22.0,19.0,19.0,28.0,29.0,28.0,28.0,32.0,24.0,30.0,33.0,35.0,32.0,26.0,30.0,25.0,27.0,29.0,20.0,20.0,18.0,17.0,26.0,25.0,25.0,24.0,16.0,20.0,22.0,16.0,13.0,11.0,10.0,12.0,16.0,17.0,15.0,12.0,11.0,19.0,15.0,13.0,12.0,10.0,13.0,17.0,20.0,20.0,14.0,17.0,11.0,18.0,26.0,25.0,20.0,20.0,19.0,26.0,25.0,24.0,25.0,20.0,18.0,,11.0,12.0,13.0,10.0,,11.0,18.0,21.0,13.0,15.0,13.0,,11.0,14.0,14.0,12.0,13.0,16.0
Douglaston,Queens,neighborhood,,,,,,,,,,,,,,,,,,,,,,,,,,,,,,,,,,,,,,,,,,,,,,,,,,,,,,,,,,,,,,,,,,,,,,,,,,,,,,,,,,,,,,,,,,,,,,,,,,,
Downtown Brooklyn,Brooklyn,neighborhood,39.0,46.0,47.0,52.0,50.0,47.0,44.0,44.0,43.0,47.0,47.0,44.0,46.0,55.0,57.0,60.0,54.0,53.0,50.0,48.0,49.0,53.0,52.0,49.0,44.0,43.0,35.0,34.0,27.0,30.0,24.0,22.0,25.0,32.0,27.0,24.0,26.0,29.0,25.0,22.0,26.0,23.0,21.0,21.0,18.0,18.0,20.0,14.0,16.0,15.0,17.0,14.0,25.0,25.0,24.0,23.0,25.0,27.0,25.0,16.0,17.0,24.0,29.0,34.0,29.0,25.0,20.0,21.0,19.0,26.0,26.0,19.0,21.0,18.0,18.0,26.0,24.0,25.0,26.0,26.0,30.0,24.0,20.0,16.0,16.0,17.0,18.0,19.0,21.0,23.0,23.0,19.0,22.0,29.0,29.0,25.0,25.0,24.0,20.0
Dyker Heights,Brooklyn,neighborhood,,,,,,,,,,,,,,,,,,,,,,,,,,,,,,,,,,,,,,,,,,,,,,,,,,,,,,,,,,,,,,,,,,,,,,,,,,,,,,,,,,,,,,,,,,,,,,,,,,,
East Brooklyn,Brooklyn,submarket,11.0,14.0,13.0,14.0,13.0,,,,,11.0,10.0,,,10.0,11.0,13.0,13.0,20.0,19.0,17.0,16.0,16.0,16.0,15.0,13.0,57.0,64.0,76.0,52.0,40.0,40.0,34.0,36.0,34.0,31.0,30.0,39.0,37.0,38.0,42.0,40.0,32.0,27.0,26.0,28.0,27.0,26.0,22.0,25.0,23.0,23.0,19.0,19.0,20.0,18.0,18.0,14.0,14.0,13.0,,,,12.0,15.0,19.0,19.0,15.0,14.0,14.0,19.0,17.0,18.0,16.0,16.0,16.0,17.0,17.0,12.0,14.0,18.0,23.0,22.0,17.0,17.0,19.0,18.0,17.0,17.0,17.0,20.0,24.0,25.0,22.0,20.0,19.0,18.0,20.0,18.0,18.0
East Elmhurst,Queens,neighborhood,,,,,,,,,,,,,,,,,,,,,,,,,,,,,,,,,,,,,,,,,,,,,,,,,,,,,,,,,,,,,,,,,,,,,,,,,,,,,,,,,,,,,,,,,,,,,,,,,,,
East Flatbush,Brooklyn,neighborhood,27.0,26.0,28.0,31.0,32.0,32.0,31.0,30.0,41.0,41.0,41.0,37.0,40.0,28.0,29.0,25.0,24.0,34.0,34.0,36.0,38.0,35.0,38.0,40.0,43.0,39.0,43.0,46.0,47.0,47.0,43.0,44.0,43.0,43.0,39.0,36.0,37.0,37.0,38.0,36.0,36.0,36.0,33.0,30.0,29.0,34.0,31.0,28.0,34.0,38.0,41.0,41.0,40.0,42.0,37.0,36.0,40.0,35.0,38.0,34.0,40.0,37.0,36.0,37.0,41.0,39.0,38.0,32.0,34.0,30.0,29.0,27.0,35.0,38.0,40.0,39.0,41.0,42.0,39.0,35.0,42.0,42.0,41.0,32.0,33.0,32.0,32.0,32.0,38.0,43.0,46.0,55.0,58.0,65.0,63.0,59.0,56.0,63.0,65.0
East Harlem,Manhattan,neighborhood,,,,17.0,25.0,27.0,28.0,27.0,25.0,26.0,25.0,26.0,22.0,28.0,24.0,22.0,20.0,19.0,20.0,19.0,20.0,21.0,22.0,19.0,22.0,21.0,21.0,22.0,21.0,20.0,14.0,10.0,,,,,,,,,,,,,,,,,,,,,,,,,,,,,,,,,,,,,,,,,,,,,,,,,,,,,,,,,,,,,,,,,,,
East New York,Brooklyn,neighborhood,,,,,,,,,,,,,,,,,,,,,,,,,,,,,,,,,,,,,,,,,,,,,,,,,,,,,,,,,,,,,,,,,,,,,,,,,,,,,,,,,,,,,,,,,,,,,,,,,,,
East Tremont,Bronx,neighborhood,,,,,,,,,,,,,,,,,,,,,,,,,,,,10.0,11.0,11.0,11.0,,11.0,10.0,10.0,10.0,,,,,,,,,,,,,,,,,,,,,,,,,,,,,,,,,,,,,,,,,,,,,,,,,,,,,,,,,,,,,,,
East Village,Manhattan,neighborhood,68.0,78.0,78.0,83.0,90.0,93.0,91.0,85.0,98.0,97.0,96.0,90.0,91.0,95.0,104.0,105.0,110.0,96.0,89.0,76.0,86.0,95.0,91.0,80.0,78.0,76.0,71.0,75.0,75.0,78.0,75.0,66.0,58.0,61.0,55.0,53.0,65.0,67.0,70.0,74.0,71.0,78.0,68.0,65.0,78.0,75.0,64.0,52.0,55.0,57.0,66.0,72.0,68.0,69.0,70.0,78.0,83.0,79.0,68.0,47.0,45.0,50.0,49.0,67.0,71.0,61.0,56.0,52.0,52.0,55.0,48.0,35.0,42.0,49.0,69.0,71.0,66.0,69.0,64.0,61.0,61.0,65.0,68.0,58.0,63.0,69.0,82.0,72.0,81.0,75.0,77.0,61.0,75.0,78.0,71.0,63.0,63.0,64.0,72.0
Eastchester,Bronx,neighborhood,,,,,,,,,,,,,,,,,,,,,,,,,,,,,,,,,,,,,,,,,,,,,,,,,,,,,,,,,,,,,,,,,,,,,,,,,,,,,,,,,,,,,,,,,,,,,,,,,,,
Edenwald,Bronx,neighborhood,,,,,,,,,,,,,,,,,,,,,,,,,,,,,,,,,,,,,,,,,,,,,,,,,,,,,,,,,,,,,,,,,,,,,,,,,,,,,,,,,,,,,,,,,,,,,,,,,,,
Elmhurst,Queens,neighborhood,,,,,,11.0,13.0,13.0,11.0,10.0,,,,,,,,10.0,12.0,,,,15.0,14.0,14.0,14.0,11.0,13.0,15.0,17.0,16.0,18.0,13.0,13.0,11.0,11.0,11.0,13.0,14.0,13.0,13.0,12.0,10.0,10.0,11.0,,,12.0,10.0,13.0,15.0,17.0,15.0,15.0,17.0,14.0,13.0,10.0,32.0,22.0,11.0,14.0,15.0,14.0,26.0,33.0,21.0,17.0,18.0,19.0,20.0,18.0,13.0,16.0,14.0,10.0,11.0,10.0,10.0,,11.0,13.0,13.0,11.0,11.0,10.0,13.0,16.0,22.0,42.0,44.0,38.0,22.0,20.0,18.0,20.0,19.0,22.0,22.0
Financial District,Manhattan,neighborhood,24.0,24.0,29.0,26.0,27.0,27.0,24.0,22.0,20.0,20.0,21.0,20.0,22.0,20.0,18.0,21.0,15.0,15.0,16.0,18.0,17.0,18.0,15.0,13.0,13.0,14.0,16.0,14.0,,10.0,,,,12.0,14.0,13.0,14.0,16.0,17.0,18.0,14.0,13.0,13.0,11.0,14.0,16.0,15.0,13.0,10.0,,,13.0,13.0,10.0,,,,,,,,11.0,16.0,16.0,18.0,16.0,13.0,11.0,11.0,30.0,35.0,21.0,19.0,21.0,20.0,33.0,32.0,24.0,19.0,19.0,28.0,28.0,28.0,23.0,22.0,22.0,26.0,29.0,24.0,28.0,24.0,25.0,26.0,35.0,31.0,26.0,32.0,28.0,40.0
Flatbush,Brooklyn,neighborhood,31.0,33.0,34.0,38.0,37.0,36.0,36.0,39.0,41.0,47.0,48.0,42.0,48.0,58.0,54.0,49.0,54.0,55.0,48.0,43.0,38.0,38.0,43.0,41.0,38.0,35.0,34.0,30.0,26.0,23.0,20.0,21.0,27.0,26.0,26.0,24.0,27.0,24.0,22.0,24.0,24.0,24.0,24.0,27.0,22.0,24.0,22.0,20.0,20.0,21.0,20.0,17.0,22.0,21.0,22.0,27.0,29.0,29.0,29.0,23.0,26.0,28.0,29.0,37.0,37.0,32.0,26.0,25.0,25.0,23.0,26.0,23.0,34.0,38.0,40.0,41.0,35.0,37.0,40.0,35.0,38.0,37.0,33.0,25.0,23.0,21.0,24.0,27.0,30.0,21.0,19.0,23.0,19.0,21.0,24.0,19.0,22.0,21.0,31.0
Flatiron,Manhattan,neighborhood,56.0,57.0,55.0,64.0,59.0,61.0,61.0,65.0,78.0,86.0,90.0,68.0,82.0,72.0,87.0,78.0,89.0,80.0,67.0,62.0,61.0,67.0,62.0,58.0,60.0,57.0,62.0,68.0,66.0,64.0,58.0,55.0,60.0,62.0,56.0,47.0,50.0,41.0,36.0,42.0,51.0,49.0,39.0,36.0,50.0,58.0,46.0,41.0,36.0,36.0,38.0,38.0,46.0,41.0,47.0,50.0,47.0,52.0,41.0,35.0,37.0,43.0,43.0,49.0,56.0,50.0,42.0,35.0,48.0,53.0,49.0,38.0,41.0,47.0,54.0,57.0,54.0,61.0,55.0,53.0,68.0,72.0,70.0,57.0,56.0,58.0,68.0,69.0,69.0,63.0,61.0,61.0,56.0,59.0,64.0,56.0,49.0,62.0,66.0
Flatlands,Brooklyn,neighborhood,,,,,,,,,,,,,,,,,,,,,,,,,,,,,,,,,,,,,,,,,,,,,,,,,,,,,,,,,,,,,,,,,,,,,,,,,,,,,,,,,,,,,,,,,,,,,,,,,,,
Floral Park,Queens,neighborhood,,,,,,,,,,,,,,,,,,,,,,,,,,,,,,,,,,,,,,,,,,,,,,,,,,,,,,,,,,,,,,,,,,,,,,,,,,,,,,,,,,,,,,,,,,,,,,,,,,,
Flushing,Queens,neighborhood,,,,10.0,,,,,,,,19.0,18.0,24.0,27.0,28.0,32.0,30.0,32.0,25.0,20.0,18.0,13.0,10.0,,10.0,11.0,12.0,14.0,13.0,14.0,10.0,15.0,12.0,12.0,12.0,14.0,16.0,13.0,15.0,16.0,16.0,18.0,15.0,13.0,10.0,14.0,16.0,15.0,16.0,17.0,16.0,17.0,19.0,16.0,15.0,16.0,20.0,20.0,23.0,24.0,24.0,24.0,26.0,31.0,28.0,27.0,26.0,22.0,21.0,18.0,13.0,13.0,15.0,14.0,13.0,12.0,,,16.0,14.0,14.0,12.0,10.0,12.0,14.0,14.0,17.0,19.0,29.0,29.0,22.0,16.0,22.0,22.0,21.0,20.0,30.0,36.0
Fordham,Bronx,neighborhood,,,,,,,,,,,,,,,,,,,,,,,,,,,,,,,,,,,,,,,,,,,,,,,,,,,,,,,,,,,,,,,,,,,,,,,,,,,,,,,,,,,,,,,,,,,,,,,,,,,
Forest Hills,Queens,neighborhood,19.0,22.0,30.0,39.0,54.0,73.0,76.0,82.0,82.0,78.0,82.0,93.0,109.0,122.0,146.0,158.0,170.0,175.0,184.0,141.0,135.0,131.0,123.0,113.0,110.0,114.0,131.0,132.0,138.0,156.0,163.0,167.0,169.0,184.0,175.0,164.0,168.0,171.0,184.0,186.0,175.0,166.0,156.0,153.0,146.0,161.0,159.0,159.0,160.0,167.0,197.0,214.0,203.0,205.0,211.0,219.0,205.0,216.0,198.0,184.0,178.0,177.0,195.0,186.0,190.0,177.0,177.0,154.0,150.0,162.0,168.0,150.0,160.0,167.0,185.0,179.0,183.0,206.0,201.0,190.0,196.0,189.0,193.0,185.0,173.0,170.0,183.0,192.0,200.0,215.0,218.0,236.0,216.0,228.0,223.0,201.0,212.0,219.0,233.0
Fort Greene,Brooklyn,neighborhood,23.0,20.0,25.0,20.0,19.0,19.0,19.0,18.0,24.0,31.0,26.0,25.0,22.0,23.0,24.0,27.0,26.0,25.0,24.0,23.0,21.0,19.0,22.0,19.0,19.0,17.0,20.0,23.0,28.0,27.0,24.0,23.0,25.0,27.0,26.0,23.0,23.0,20.0,14.0,15.0,15.0,14.0,14.0,16.0,15.0,16.0,17.0,14.0,12.0,,,17.0,15.0,13.0,15.0,16.0,17.0,21.0,15.0,14.0,13.0,12.0,,14.0,21.0,16.0,12.0,10.0,11.0,10.0,,,,,,,14.0,12.0,11.0,10.0,,10.0,,,,,12.0,,,,10.0,,12.0,,,,,,
Fresh Meadows,Queens,neighborhood,,,,,,,,,,,,,,,,,,,,,,,,,,,,,,,,,,,,,,,,,,,,,,,,,,,,,,,,,,,,,,,,,,,,,,,,,,,,,,,,,,,,,,,,,,,,,,,,,,,
Gerritsen Beach,Brooklyn,neighborhood,,,,,,,,,,,,,,,,,,,,,,,,,,,,,,,,,,,,,,,,,,,,,,,,,,,,,,,,,,,,,,,,,,,,,,,,,,,,,,,,,,,,,,,,,,,,,,,,,,,
Glen Oaks,Queens,neighborhood,,,,,,,,,,,,,,,,,,,,,,,,,,,,,,,,,,,,,24.0,29.0,27.0,26.0,26.0,26.0,28.0,20.0,18.0,,,,,,,,,,,,,,,,,12.0,26.0,26.0,25.0,23.0,22.0,20.0,14.0,,,,,,,14.0,14.0,24.0,25.0,21.0,13.0,16.0,15.0,12.0,10.0,12.0,16.0,26.0,26.0,24.0,17.0,17.0,15.0,12.0,11.0,18.0,21.0,17.0,18.0
Glendale,Queens,neighborhood,,,,,,,,,,,,,,,,,,,,,,,,,,,,,,,,,,,,,,,,,,,,,,,,,,,,,,,,,,,,,,,,,,,,,,,,,,,,,,,,,,,,,,,,,,,,,,,,,,,
Gowanus,Brooklyn,neighborhood,,,,,,,,,,,,,,,,,,,,,,,,,,,,,,,,,,,,,,,,,,,,,,,,,,,,,,,,,,,,,,,,,,,,,,,,,,,,,,,,,,,,,,,,,,,,,,,,,,,
Gramercy Park,Manhattan,neighborhood,92.0,104.0,109.0,104.0,102.0,112.0,110.0,99.0,106.0,118.0,112.0,101.0,99.0,112.0,119.0,133.0,136.0,142.0,135.0,120.0,124.0,129.0,116.0,106.0,114.0,116.0,131.0,134.0,116.0,116.0,108.0,87.0,80.0,93.0,84.0,78.0,74.0,86.0,92.0,114.0,114.0,96.0,86.0,87.0,83.0,93.0,83.0,73.0,81.0,84.0,91.0,103.0,103.0,86.0,78.0,60.0,72.0,84.0,66.0,52.0,61.0,62.0,68.0,66.0,65.0,62.0,52.0,51.0,55.0,62.0,53.0,40.0,54.0,60.0,72.0,76.0,75.0,73.0,72.0,62.0,80.0,87.0,82.0,62.0,56.0,62.0,68.0,73.0,78.0,75.0,61.0,53.0,70.0,75.0,64.0,59.0,70.0,80.0,87.0
Gravesend,Brooklyn,neighborhood,13.0,13.0,14.0,16.0,15.0,17.0,17.0,16.0,15.0,15.0,15.0,18.0,18.0,17.0,20.0,21.0,22.0,22.0,19.0,22.0,21.0,17.0,17.0,17.0,18.0,18.0,20.0,22.0,21.0,19.0,20.0,20.0,16.0,10.0,,,10.0,10.0,13.0,15.0,18.0,16.0,14.0,13.0,17.0,17.0,17.0,17.0,19.0,21.0,21.0,18.0,18.0,13.0,10.0,12.0,12.0,13.0,14.0,11.0,10.0,13.0,12.0,15.0,10.0,11.0,,10.0,10.0,10.0,,,,,14.0,16.0,17.0,20.0,20.0,17.0,21.0,27.0,24.0,18.0,23.0,29.0,23.0,17.0,16.0,17.0,19.0,27.0,20.0,30.0,29.0,27.0,29.0,25.0,26.0
Greenpoint,Brooklyn,neighborhood,,,,,,,,,,,,,,,,,,,,,,,,,,,,,,,,,,,,,,,,,,,,,,,,,,,,,,,,,,,,,,,,,,,,,,,,,,,,,,,,,,,,,,,,,,,,,,,,,,,
Greenwich Village,Manhattan,neighborhood,199.0,217.0,219.0,219.0,213.0,204.0,205.0,188.0,201.0,234.0,218.0,199.0,205.0,199.0,200.0,216.0,216.0,201.0,202.0,182.0,194.0,200.0,191.0,176.0,181.0,184.0,205.0,207.0,207.0,206.0,186.0,168.0,178.0,181.0,168.0,139.0,158.0,180.0,183.0,197.0,195.0,176.0,166.0,133.0,132.0,143.0,123.0,119.0,119.0,131.0,137.0,152.0,161.0,134.0,126.0,123.0,144.0,151.0,143.0,120.0,129.0,146.0,159.0,157.0,169.0,157.0,148.0,135.0,157.0,177.0,152.0,128.0,129.0,134.0,142.0,159.0,164.0,152.0,134.0,116.0,136.0,151.0,134.0,107.0,105.0,109.0,141.0,150.0,156.0,152.0,146.0,122.0,151.0,161.0,153.0,134.0,146.0,150.0,156.0
Greenwood,Brooklyn,neighborhood,,,,,,,,,,,,,,,,,,,,,,,,,,,,,,,,,,,,,,,,,,,,,,,,,,,,,,,,,,,,,,,,,,,,,,,,,,,,,,,,,,,,,,,,,,,,,,,,,,,
Hamilton Heights,Manhattan,neighborhood,34.0,37.0,38.0,40.0,36.0,34.0,31.0,32.0,37.0,45.0,46.0,47.0,47.0,50.0,48.0,49.0,42.0,40.0,49.0,39.0,39.0,34.0,34.0,33.0,30.0,32.0,35.0,37.0,46.0,44.0,39.0,40.0,40.0,30.0,32.0,31.0,35.0,28.0,26.0,27.0,31.0,35.0,35.0,36.0,40.0,38.0,35.0,35.0,32.0,31.0,33.0,32.0,37.0,43.0,41.0,43.0,45.0,44.0,42.0,39.0,35.0,36.0,34.0,33.0,30.0,33.0,30.0,27.0,30.0,30.0,30.0,28.0,28.0,28.0,24.0,24.0,23.0,24.0,29.0,23.0,21.0,27.0,27.0,26.0,27.0,27.0,27.0,32.0,38.0,37.0,29.0,28.0,28.0,31.0,30.0,27.0,26.0,22.0,22.0
Highbridge,Bronx,neighborhood,,,,,,,,,,,,,,,,,,,,,,,,,,,,,,,,,,,,,,,,,,,,,,,,,,,,,,,,,,,,,,,10.0,,10.0,10.0,11.0,14.0,11.0,11.0,11.0,11.0,,,,,,,,,,14.0,12.0,,13.0,,,,10.0,,,,,10.0,10.0,,,,
Hillcrest,Queens,neighborhood,,,,,,,,,,,,,,,,,,,,,,,,,,,,,,,,,,,,,,,,,,,,,,,,,,,,,,,,,,,,,,,,,,,,,,,,,,,,,,,,,,,,,,,,,,,,,,,,,,,
Hollis,Queens,neighborhood,,,,,,,,,,,,,,,,,,,,,,,,,,,,,,,,,,,,,,,,,,,,,,,,,,,,,,,,,,,,,,,,,,,,,,,,,,,,,,,,,,,,,,,,,,,,,,,,,,,
Howard Beach,Queens,neighborhood,,,,,,,,,,,,,,,,,10.0,11.0,11.0,,,,,,,,,,,,,,,,,,,,,,,,,,,,,,,,,,,,,,,,,,,,,,,,,11.0,,,,,,,,,,,,,,,10.0,10.0,,12.0,16.0,13.0,10.0,10.0,,,,,,,,13.0,19.0
Hunts Point,Bronx,neighborhood,,,,,,,,,,,,,,,,,,,,,,,,,,,,,,,,,,,,,,,,,,,,,,,,,,,,,,,,,,,,,,,,,,,,,,,,,,,,,,,,,,,,,,,,,,,,,,,,,,,
Inwood,Manhattan,neighborhood,52.0,45.0,47.0,54.0,53.0,54.0,60.0,60.0,59.0,57.0,54.0,48.0,55.0,63.0,75.0,78.0,82.0,76.0,72.0,67.0,74.0,69.0,68.0,66.0,62.0,63.0,70.0,71.0,63.0,68.0,66.0,64.0,60.0,56.0,57.0,52.0,46.0,43.0,46.0,57.0,55.0,59.0,59.0,58.0,59.0,53.0,47.0,37.0,36.0,34.0,31.0,38.0,44.0,44.0,48.0,43.0,38.0,39.0,34.0,32.0,30.0,34.0,28.0,30.0,44.0,52.0,38.0,32.0,38.0,37.0,35.0,33.0,36.0,32.0,31.0,25.0,26.0,23.0,22.0,24.0,22.0,23.0,19.0,17.0,11.0,14.0,18.0,22.0,22.0,26.0,26.0,28.0,22.0,26.0,27.0,28.0,33.0,27.0,25.0
Jackson Heights,Queens,neighborhood,37.0,37.0,38.0,48.0,47.0,44.0,48.0,50.0,51.0,60.0,56.0,53.0,46.0,52.0,51.0,56.0,70.0,66.0,80.0,74.0,75.0,76.0,71.0,66.0,72.0,72.0,79.0,80.0,95.0,97.0,89.0,95.0,99.0,97.0,86.0,81.0,79.0,89.0,86.0,85.0,91.0,98.0,88.0,84.0,89.0,82.0,74.0,73.0,69.0,68.0,61.0,73.0,79.0,70.0,65.0,67.0,68.0,69.0,60.0,60.0,59.0,51.0,49.0,51.0,62.0,69.0,76.0,71.0,80.0,81.0,75.0,64.0,75.0,61.0,56.0,68.0,89.0,92.0,96.0,90.0,90.0,102.0,97.0,89.0,89.0,85.0,84.0,85.0,81.0,95.0,96.0,89.0,92.0,95.0,101.0,88.0,86.0,89.0,89.0
Jamaica,Queens,neighborhood,,,,,,,,,,,,,,,,,,,,10.0,11.0,11.0,,11.0,10.0,,,,,,,,,,,,,,,,,,,,,,,,,,,,,,,,,,,,,,10.0,,10.0,12.0,10.0,,,,,,,,,,,,,,,,,,,,,,,,,,,,,,,,
Jamaica Estates,Queens,neighborhood,,,,,,,,,,,,,,,,,,,,,,,,,,,,,,,,,,,,,,,,,,,,,,,,,,10.0,11.0,11.0,,10.0,11.0,10.0,,,,12.0,,,,,,,,,,,,,,,,,,,,,,,,,,,,,,,,,,,,,,,
Jamaica Hills,Queens,neighborhood,,,,,,,,,,,,,,,,,,,,,,,,,,,,,,,,,,,,,,,,,,,,,,,,,,,,,,,,,,,,,,,,,,,,,,,,,,,,,,,,,,,,,,,,,,,,,,,,,,,
Kensington,Brooklyn,neighborhood,45.0,47.0,51.0,58.0,56.0,52.0,47.0,48.0,55.0,60.0,63.0,60.0,55.0,47.0,57.0,54.0,56.0,51.0,56.0,64.0,60.0,57.0,52.0,45.0,48.0,52.0,58.0,72.0,70.0,73.0,63.0,60.0,50.0,55.0,52.0,48.0,41.0,47.0,42.0,51.0,42.0,35.0,27.0,26.0,31.0,35.0,30.0,21.0,24.0,26.0,27.0,35.0,39.0,38.0,30.0,24.0,30.0,38.0,38.0,29.0,28.0,32.0,34.0,40.0,46.0,40.0,34.0,27.0,39.0,38.0,35.0,32.0,30.0,28.0,30.0,25.0,39.0,45.0,33.0,32.0,34.0,32.0,25.0,28.0,29.0,35.0,42.0,44.0,53.0,63.0,59.0,50.0,46.0,50.0,43.0,31.0,33.0,41.0,45.0
Kew Gardens,Queens,neighborhood,13.0,14.0,15.0,13.0,12.0,15.0,18.0,16.0,17.0,16.0,23.0,23.0,23.0,25.0,31.0,37.0,41.0,38.0,51.0,43.0,39.0,36.0,35.0,29.0,30.0,27.0,30.0,31.0,32.0,33.0,33.0,33.0,26.0,27.0,28.0,26.0,35.0,37.0,40.0,38.0,35.0,33.0,28.0,29.0,31.0,35.0,34.0,38.0,41.0,39.0,38.0,44.0,45.0,50.0,58.0,54.0,56.0,59.0,64.0,60.0,55.0,59.0,55.0,51.0,56.0,58.0,52.0,55.0,48.0,52.0,59.0,55.0,49.0,51.0,52.0,49.0,55.0,51.0,44.0,42.0,36.0,38.0,36.0,37.0,36.0,32.0,31.0,38.0,40.0,45.0,52.0,55.0,52.0,53.0,46.0,51.0,47.0,43.0,50.0
Kew Gardens Hills,Queens,neighborhood,18.0,16.0,17.0,22.0,16.0,19.0,23.0,26.0,24.0,23.0,25.0,25.0,26.0,25.0,27.0,22.0,26.0,24.0,26.0,24.0,24.0,25.0,23.0,22.0,19.0,19.0,19.0,17.0,18.0,18.0,17.0,18.0,15.0,13.0,13.0,13.0,11.0,11.0,15.0,16.0,13.0,11.0,11.0,12.0,10.0,12.0,12.0,12.0,14.0,17.0,19.0,22.0,24.0,27.0,27.0,33.0,35.0,31.0,31.0,27.0,28.0,28.0,34.0,36.0,34.0,35.0,34.0,30.0,25.0,21.0,22.0,19.0,19.0,24.0,28.0,33.0,29.0,24.0,28.0,22.0,21.0,21.0,23.0,24.0,12.0,14.0,16.0,15.0,17.0,32.0,38.0,34.0,31.0,32.0,33.0,33.0,36.0,38.0,44.0
Kingsbridge,Bronx,neighborhood,,10.0,,11.0,10.0,11.0,11.0,12.0,16.0,17.0,16.0,16.0,13.0,14.0,18.0,15.0,15.0,15.0,16.0,15.0,14.0,13.0,14.0,14.0,16.0,16.0,18.0,18.0,19.0,16.0,17.0,16.0,17.0,17.0,19.0,18.0,19.0,14.0,16.0,20.0,17.0,16.0,16.0,15.0,14.0,18.0,13.0,13.0,15.0,16.0,17.0,17.0,14.0,13.0,15.0,19.0,15.0,17.0,16.0,13.0,11.0,13.0,16.0,16.0,10.0,12.0,11.0,15.0,12.0,15.0,10.0,,,,,,,,,,10.0,17.0,18.0,22.0,25.0,21.0,21.0,21.0,23.0,23.0,23.0,24.0,20.0,14.0,13.0,11.0,15.0,16.0,17.0
Laconia,Bronx,neighborhood,,,,,,,,,,,,,,,,,,,,,,,,,,,,,,,,,,,,,,,,,,,,,,,,,,,,,,,,,,,,,,,,,,,,,,,,,,,,,,,,,,,,,,,,,,,,,,,,,,,
Laurelton,Queens,neighborhood,,,,,,,,,,,,,,,,,,,,,,,,,,,,,,,,,,,,,,,,,,,,,,,,,,,,,,,,,,,,,,,,,,,,,,,,,,,,,,,,,,,,,,,,,,,,,,,,,,,
Little Italy,Manhattan,neighborhood,,,,,,,,,,,,,,,,,,,,,,,,,,,,,,,,,,,,,,,,,,,,,,,,,,,,,,,,,,,,,,,,,,,,,,,,,,,,,,,,,,,,,,,,,,,,,,,,,,,
Little Neck,Queens,neighborhood,,,,,,,11.0,11.0,12.0,16.0,15.0,11.0,11.0,11.0,11.0,14.0,17.0,18.0,16.0,,,,,,,,,,,,,,,,,,,,,,,,,,,,,,,,,,,,,,,,,,,,,13.0,13.0,12.0,19.0,20.0,20.0,14.0,12.0,,12.0,14.0,13.0,12.0,17.0,14.0,14.0,14.0,10.0,,,,,,,,,12.0,10.0,,11.0,12.0,10.0,10.0,,,
Long Island City,Queens,neighborhood,,,,,,,,,,,,,,,,,,,,,,,,,,,,,,,,,,,,,,,,,,,,,,,,,,,,,,,,,,,,,,,,,,,,,,,,,,,,,,,,,,,,,,,,,,,,,,,,,,,
Longwood,Bronx,neighborhood,,,,,,,,,,,,,,,,,,,,,,,,,,,,,,,,,,,,,,,,,,,,,,,,,,,,,,,,,,,,,,,,,,,,,,,,,,,,,,,,,,,,,,,,,,,,,,,,,,,
Lower East Side,Manhattan,neighborhood,67.0,74.0,81.0,86.0,99.0,109.0,105.0,102.0,105.0,108.0,106.0,108.0,109.0,98.0,98.0,120.0,118.0,133.0,108.0,110.0,120.0,121.0,109.0,107.0,107.0,102.0,106.0,100.0,101.0,102.0,87.0,85.0,81.0,73.0,70.0,63.0,62.0,65.0,64.0,67.0,64.0,47.0,47.0,54.0,53.0,49.0,50.0,41.0,45.0,47.0,57.0,57.0,65.0,52.0,49.0,43.0,48.0,54.0,37.0,32.0,25.0,37.0,44.0,40.0,37.0,32.0,34.0,40.0,41.0,38.0,35.0,27.0,30.0,38.0,43.0,45.0,44.0,48.0,52.0,49.0,49.0,48.0,49.0,49.0,48.0,48.0,52.0,51.0,56.0,54.0,39.0,36.0,50.0,47.0,46.0,35.0,37.0,52.0,41.0
Manhattan,Manhattan,borough,4331.0,4510.0,4786.0,5000.0,4932.0,4851.0,4652.0,4419.0,4754.0,5045.0,4844.0,4433.0,4549.0,4683.0,4984.0,5119.0,5184.0,5078.0,4896.0,4491.0,4703.0,4906.0,4694.0,4316.0,4449.0,4530.0,4879.0,4872.0,4813.0,4609.0,4283.0,3954.0,4054.0,4109.0,3856.0,3477.0,3623.0,3772.0,3875.0,4139.0,4173.0,3844.0,3497.0,3210.0,3351.0,3541.0,3191.0,2762.0,2835.0,2982.0,3114.0,3305.0,3473.0,3216.0,3048.0,2824.0,3099.0,3351.0,3020.0,2615.0,2617.0,2846.0,2974.0,3147.0,3169.0,3105.0,2818.0,2542.0,2810.0,3115.0,2841.0,2417.0,2426.0,2652.0,2990.0,3248.0,3233.0,3168.0,2936.0,2679.0,2990.0,3232.0,3096.0,2676.0,2708.0,2843.0,3152.0,3325.0,3452.0,3381.0,3159.0,2877.0,3286.0,3536.0,3360.0,2946.0,3033.0,3264.0,3564.0
Manhattan Beach,Brooklyn,neighborhood,,,,,,,,,,,,,,,,,,,,,,,,,,,,,,,,,,,,,,,,,,,,,,,,,,,,,,,,,,,,,,,,,,,,,,,,,,,,,,,,,,,,,,,,,,,,,,,,,,,
Manhattanville,Manhattan,neighborhood,,,,,,,,,,,,,,,,,,,,,,,,,,,,,,,,,,,,,,,,,,,,,,,,,,,,,,,,,,,,,,,,,,,,,,,,,,,,,,,,,,,,,,,,,,,,,,,,,,,
Marble Hill,Manhattan,neighborhood,,,,,,,,,,,,,,,,,,,,,,,,,,,,,,,,,,,,,,,,,,,,,,,,,,,,,,,,,,,,,,,,,,,,,,,,,,,,,,,,,,,,,,,,,,,,,,,,,,,
Marine Park,Brooklyn,neighborhood,,,,,,,,,,,,,,,,,,,,,,,,,,,,,,,,,,,,,,,,,,,,,,,,,,,,,,,,,,,,,,,,,,,,,,,,,,,,,,,,,,,,,,,,,,,,,,,,,,,
Maspeth,Queens,neighborhood,,,,,,,,,,,,,,,,,,,,,,,,,,,,,,,,,,,,,,,,,,,,,,,,,,,,,,,,,,,,,,,,,,,,,,,,,,,,,,,,,,,,,,,,,,,,,,,,,,,
Melrose,Bronx,neighborhood,,,,,,,,,,,,,,,,,,,,,,,,,,,,,,,,,,,,,,,,,,,,,,,,,,,,,,,,,,,,,,,,,,,,,,,,,,,,,,,,,,,,,,,,,,,,,,,,,,,
Middle Village,Queens,neighborhood,,,,,,,,,,,,,,,,,,,,,,,,,,,,,,,,,,,,,,,,,,,,,,,,,,,,,,,,,,,,,,,,,,,,,,,,,,,,,,,,,,,,,,,,,,,,,,,,,,,
Midtown,Manhattan,neighborhood,88.0,86.0,91.0,93.0,86.0,92.0,86.0,70.0,82.0,78.0,65.0,58.0,62.0,64.0,72.0,84.0,90.0,77.0,71.0,66.0,68.0,74.0,81.0,77.0,80.0,71.0,79.0,69.0,79.0,78.0,79.0,72.0,79.0,83.0,78.0,78.0,84.0,80.0,77.0,83.0,95.0,90.0,80.0,71.0,65.0,68.0,56.0,52.0,55.0,53.0,60.0,70.0,68.0,61.0,66.0,60.0,66.0,77.0,65.0,63.0,60.0,66.0,67.0,79.0,79.0,84.0,79.0,64.0,78.0,86.0,81.0,72.0,80.0,86.0,81.0,83.0,83.0,84.0,85.0,70.0,71.0,83.0,80.0,75.0,84.0,79.0,84.0,81.0,79.0,80.0,75.0,66.0,74.0,74.0,77.0,72.0,68.0,76.0,86.0
Midtown East,Manhattan,neighborhood,716.0,749.0,780.0,836.0,837.0,823.0,776.0,754.0,816.0,850.0,819.0,765.0,777.0,826.0,869.0,871.0,877.0,855.0,859.0,806.0,815.0,857.0,819.0,767.0,766.0,780.0,824.0,852.0,851.0,828.0,797.0,751.0,759.0,756.0,724.0,671.0,701.0,711.0,719.0,762.0,770.0,711.0,669.0,590.0,613.0,661.0,613.0,527.0,523.0,534.0,570.0,573.0,594.0,564.0,527.0,491.0,529.0,554.0,509.0,451.0,439.0,473.0,504.0,533.0,495.0,477.0,461.0,416.0,451.0,497.0,480.0,413.0,407.0,437.0,484.0,501.0,492.0,480.0,468.0,455.0,512.0,531.0,531.0,466.0,480.0,474.0,515.0,538.0,569.0,569.0,526.0,500.0,577.0,577.0,528.0,476.0,505.0,557.0,615.0
Midtown South,Manhattan,neighborhood,40.0,37.0,47.0,50.0,50.0,52.0,53.0,54.0,55.0,55.0,55.0,41.0,43.0,45.0,43.0,49.0,58.0,57.0,60.0,59.0,64.0,67.0,62.0,53.0,50.0,49.0,50.0,50.0,46.0,46.0,47.0,42.0,40.0,42.0,38.0,36.0,33.0,36.0,39.0,32.0,30.0,30.0,30.0,33.0,37.0,37.0,44.0,31.0,32.0,37.0,33.0,31.0,30.0,29.0,27.0,25.0,24.0,32.0,34.0,30.0,26.0,29.0,35.0,36.0,35.0,33.0,32.0,29.0,37.0,34.0,28.0,23.0,24.0,22.0,27.0,29.0,32.0,31.0,30.0,28.0,30.0,31.0,26.0,24.0,22.0,23.0,23.0,29.0,26.0,31.0,26.0,31.0,38.0,38.0,34.0,28.0,26.0,27.0,33.0
Midtown West,Manhattan,neighborhood,95.0,92.0,99.0,89.0,89.0,82.0,92.0,94.0,106.0,104.0,96.0,84.0,85.0,91.0,105.0,91.0,96.0,89.0,85.0,85.0,77.0,83.0,86.0,79.0,80.0,80.0,95.0,87.0,82.0,74.0,69.0,65.0,68.0,76.0,79.0,74.0,66.0,65.0,63.0,75.0,71.0,73.0,71.0,69.0,60.0,67.0,61.0,56.0,57.0,64.0,62.0,59.0,66.0,62.0,59.0,57.0,70.0,67.0,66.0,57.0,54.0,48.0,60.0,60.0,60.0,59.0,53.0,51.0,60.0,68.0,59.0,52.0,60.0,58.0,67.0,64.0,57.0,52.0,47.0,45.0,45.0,59.0,58.0,54.0,60.0,59.0,67.0,61.0,52.0,60.0,56.0,53.0,59.0,72.0,62.0,55.0,58.0,61.0,68.0
Midwood,Brooklyn,neighborhood,11.0,11.0,13.0,18.0,16.0,18.0,23.0,18.0,14.0,16.0,14.0,14.0,16.0,15.0,16.0,17.0,13.0,20.0,18.0,20.0,18.0,17.0,17.0,17.0,17.0,18.0,19.0,20.0,18.0,14.0,15.0,18.0,17.0,16.0,19.0,18.0,20.0,25.0,27.0,26.0,27.0,24.0,20.0,15.0,17.0,18.0,17.0,19.0,23.0,19.0,24.0,23.0,25.0,22.0,21.0,23.0,27.0,23.0,24.0,22.0,27.0,30.0,28.0,27.0,23.0,28.0,29.0,28.0,22.0,21.0,22.0,22.0,21.0,27.0,34.0,27.0,27.0,21.0,23.0,19.0,14.0,16.0,24.0,22.0,19.0,16.0,23.0,24.0,25.0,26.0,28.0,30.0,23.0,31.0,28.0,31.0,27.0,31.0,31.0
Mill Basin,Brooklyn,neighborhood,,,,,,,,,,,,,,,,,,,,,,,,,,,,,,,,,,,,,,,,,,,,,,,,,,,,,,,,,,,,,,,,,,,,,,,,,,,,,,,,,,,,,,,,,,,,,,,,,,,
Morningside Heights,Manhattan,neighborhood,53.0,56.0,62.0,71.0,73.0,75.0,65.0,60.0,64.0,73.0,71.0,63.0,63.0,67.0,78.0,92.0,95.0,87.0,87.0,73.0,76.0,78.0,77.0,68.0,68.0,65.0,73.0,82.0,76.0,75.0,73.0,74.0,73.0,57.0,56.0,52.0,56.0,54.0,61.0,59.0,60.0,57.0,52.0,41.0,38.0,38.0,32.0,32.0,41.0,54.0,52.0,53.0,61.0,57.0,54.0,43.0,39.0,45.0,47.0,37.0,32.0,32.0,42.0,41.0,40.0,41.0,41.0,36.0,41.0,42.0,41.0,34.0,32.0,36.0,49.0,51.0,56.0,56.0,54.0,45.0,52.0,45.0,39.0,33.0,33.0,34.0,30.0,33.0,35.0,48.0,46.0,46.0,49.0,44.0,36.0,32.0,36.0,38.0,38.0
Morris Heights,Bronx,neighborhood,,,,,,,,,,,,,,,,,,,,,,,,,,,,,,,,,,,,,,,,,,,,,,,,,,,,,,,,,,,,,,,,,,,,,,,,,,,,,,,,,,,,,,,,,,,,,,,,,,,
Morris Park,Bronx,neighborhood,,,,,,,,,,,,,,,,,,,,,,,,,,,,,,,,,,,,,,,,,,,,,,,,,,,,,,,,,,,,,,,,,,,,,,,,,,,,,,,,,,,,,,,,,,,,,,,,,,,
Morrisania,Bronx,neighborhood,,,,,,,,,,,,,,,,,,,,,,,,,,,,,,,,,,,,,,,,,,,,,,,,,,,,,,,,,,,,,,,,,,,,,,,,,,,,,,,,,,,,,,,,,,,,,,,,,,,
Mott Haven,Bronx,neighborhood,,,,,,,,,,,,,,,,,,,,,,,,,,,,,,,,,,,,,,,,,,,,,,,,,,,,,,,,,,,,,,,,,,,,,,,,,,,,,,,,,,,,,,,,,,,,,,,,,,,
NYC,NYC,city,5537.0,5821.0,6204.0,6546.0,6412.0,6366.0,6173.0,5898.0,6312.0,6686.0,6449.0,5973.0,6160.0,6373.0,6933.0,7167.0,7361.0,7292.0,7121.0,6543.0,6715.0,6934.0,6660.0,6135.0,6248.0,6379.0,6878.0,6963.0,6951.0,6750.0,6355.0,6035.0,6142.0,6215.0,5801.0,5312.0,5509.0,5677.0,5857.0,6241.0,6284.0,5900.0,5450.0,5098.0,5201.0,5410.0,4990.0,4421.0,4537.0,4722.0,4978.0,5276.0,5535.0,5256.0,5070.0,4820.0,5129.0,5396.0,4962.0,4335.0,4318.0,4618.0,4885.0,5122.0,5246.0,5119.0,4771.0,4391.0,4677.0,5014.0,4636.0,3994.0,4003.0,4247.0,4725.0,5064.0,5091.0,5003.0,4686.0,4349.0,4719.0,5024.0,4834.0,4244.0,4219.0,4365.0,4835.0,5103.0,5355.0,5464.0,5319.0,4932.0,5261.0,5597.0,5330.0,4693.0,4768.0,5073.0,5575.0
New Hyde Park,Queens,neighborhood,,,,,,,,,,,,,,,,,,,,,,,,,,,,,,,,,,,,,,,,,,,,,,,,,,,,,,,,,,,,,,,,,,,,,,,,,,,,,,,,,,,,,,,,,,,,,,,,,,,
Nolita,Manhattan,neighborhood,,,,,,,,,,,,,,,,,,,,,,,,,,,,,,,,,,,,,,,,,,,,,,,,,,,,,,,,,,,,,,,,,,,,,,,,,,,,,,,,,,,,,,,,,,,,,,,,,,,
North Brooklyn,Brooklyn,submarket,11.0,12.0,12.0,12.0,,,,,,11.0,11.0,10.0,10.0,11.0,,,,10.0,11.0,10.0,11.0,13.0,12.0,,10.0,11.0,11.0,10.0,12.0,10.0,11.0,12.0,13.0,11.0,11.0,,,,,13.0,16.0,16.0,13.0,13.0,15.0,15.0,14.0,10.0,,,,,,,,,14.0,,,,,,,,11.0,,,,,11.0,11.0,,,,11.0,15.0,11.0,17.0,21.0,21.0,25.0,23.0,26.0,19.0,15.0,16.0,16.0,25.0,32.0,34.0,31.0,26.0,27.0,23.0,23.0,21.0,21.0,19.0,17.0
North Corona,Queens,neighborhood,,,,,,,,,,,,,,,,,,,,,,,,,,,,,,,,,,,,,,,11.0,12.0,12.0,14.0,12.0,12.0,11.0,12.0,,,,,,,,,,,,,,,,13.0,10.0,13.0,18.0,13.0,,,,,,,,,,,,,,,10.0,16.0,16.0,14.0,12.0,10.0,,,,14.0,19.0,15.0,13.0,13.0,13.0,14.0,15.0,16.0,10.0
Northeast Queens,Queens,submarket,77.0,78.0,81.0,98.0,86.0,106.0,121.0,115.0,118.0,120.0,128.0,142.0,141.0,148.0,162.0,176.0,198.0,186.0,216.0,181.0,165.0,155.0,137.0,129.0,129.0,115.0,116.0,120.0,129.0,137.0,129.0,124.0,113.0,116.0,115.0,128.0,154.0,164.0,173.0,179.0,165.0,155.0,160.0,160.0,158.0,148.0,153.0,145.0,152.0,157.0,167.0,192.0,213.0,236.0,240.0,238.0,256.0,239.0,236.0,222.0,217.0,240.0,259.0,265.0,289.0,282.0,289.0,293.0,248.0,221.0,218.0,176.0,181.0,183.0,197.0,191.0,206.0,207.0,208.0,191.0,180.0,188.0,184.0,176.0,143.0,148.0,154.0,163.0,184.0,274.0,314.0,289.0,239.0,248.0,238.0,242.0,235.0,240.0,267.0
Northwest Brooklyn,Brooklyn,submarket,223.0,250.0,276.0,291.0,298.0,294.0,283.0,255.0,282.0,321.0,305.0,270.0,276.0,301.0,330.0,352.0,334.0,331.0,296.0,268.0,281.0,307.0,307.0,260.0,247.0,271.0,272.0,272.0,276.0,245.0,212.0,196.0,214.0,219.0,177.0,158.0,160.0,154.0,157.0,175.0,172.0,161.0,147.0,129.0,129.0,148.0,140.0,108.0,112.0,108.0,115.0,148.0,168.0,151.0,148.0,127.0,142.0,156.0,130.0,96.0,98.0,112.0,146.0,183.0,196.0,163.0,146.0,134.0,161.0,200.0,165.0,122.0,125.0,131.0,156.0,185.0,175.0,159.0,129.0,118.0,139.0,141.0,123.0,99.0,98.0,121.0,146.0,161.0,155.0,154.0,147.0,123.0,143.0,148.0,141.0,109.0,108.0,121.0,146.0
Northwest Queens,Queens,submarket,18.0,21.0,21.0,22.0,18.0,26.0,27.0,24.0,28.0,24.0,26.0,25.0,25.0,24.0,39.0,43.0,47.0,45.0,47.0,44.0,44.0,50.0,40.0,35.0,35.0,38.0,43.0,42.0,48.0,45.0,49.0,54.0,48.0,52.0,45.0,35.0,33.0,36.0,38.0,38.0,39.0,41.0,45.0,39.0,29.0,35.0,45.0,50.0,55.0,60.0,49.0,45.0,37.0,43.0,47.0,51.0,46.0,49.0,50.0,39.0,39.0,45.0,54.0,46.0,38.0,50.0,48.0,53.0,52.0,45.0,47.0,39.0,39.0,37.0,31.0,46.0,44.0,46.0,41.0,39.0,42.0,39.0,40.0,32.0,31.0,33.0,30.0,35.0,37.0,55.0,61.0,61.0,56.0,63.0,56.0,41.0,37.0,34.0,45.0
Norwood,Bronx,neighborhood,,,,,,,,,,,,,,,,,,,,,,,,,,,,,,,,,,,,,,10.0,11.0,10.0,,,,,,,,,,,,,,,,,,,,,,,,,,,,,,,,,,,,,,,,,,,,,,,,,,,,,,,,,,,
Oakland Gardens,Queens,neighborhood,,,,,,,,,,,,,,,,,,,,,,,,,,,,,,,,,10.0,,,,,,,,,,,,,,,,,,,,,,,10.0,,,11.0,11.0,12.0,21.0,26.0,25.0,27.0,27.0,28.0,28.0,18.0,14.0,14.0,,13.0,11.0,10.0,,12.0,10.0,10.0,,,,10.0,,,,,,11.0,23.0,27.0,26.0,19.0,19.0,16.0,21.0,23.0,21.0,30.0
Ocean Parkway,Brooklyn,neighborhood,12.0,13.0,13.0,14.0,14.0,12.0,11.0,11.0,12.0,12.0,11.0,12.0,14.0,13.0,13.0,14.0,17.0,16.0,21.0,22.0,20.0,21.0,20.0,20.0,18.0,14.0,16.0,16.0,16.0,22.0,22.0,25.0,22.0,19.0,20.0,19.0,25.0,21.0,20.0,20.0,25.0,25.0,21.0,20.0,17.0,17.0,18.0,14.0,14.0,13.0,15.0,19.0,19.0,21.0,21.0,19.0,18.0,19.0,15.0,15.0,19.0,18.0,18.0,16.0,16.0,15.0,12.0,13.0,19.0,20.0,21.0,18.0,20.0,18.0,20.0,19.0,19.0,23.0,20.0,20.0,21.0,25.0,24.0,20.0,22.0,21.0,22.0,22.0,32.0,29.0,28.0,30.0,32.0,30.0,26.0,28.0,31.0,32.0,32.0
Old Mill Basin,Brooklyn,neighborhood,,,,,,,,,,,,,,,,,,,,,,,,,,,,,,,,,,,,,,,,,,,,,,,,,,,,,,,,,,,,,,,,,,,,,,,,,,,,,,,,,,,,,,,,,,,,,,,,,,,
Ozone Park,Queens,neighborhood,,,,,,,,,,,,,,,,,,,,,,,,,,,,,,,,,,,,,,,,,,,,,,,,,,,,,,,,,,,,,,,,,,,,,,,,,,,,,,,,,,,,,,,,,,,,,,,,,,,
Park Slope,Brooklyn,neighborhood,80.0,91.0,110.0,120.0,113.0,99.0,95.0,83.0,97.0,102.0,92.0,76.0,74.0,89.0,123.0,138.0,147.0,160.0,152.0,133.0,137.0,139.0,129.0,101.0,93.0,88.0,115.0,127.0,126.0,122.0,106.0,83.0,103.0,108.0,85.0,65.0,64.0,67.0,82.0,103.0,121.0,92.0,67.0,55.0,61.0,68.0,54.0,41.0,38.0,45.0,64.0,76.0,76.0,68.0,61.0,45.0,54.0,62.0,52.0,46.0,50.0,47.0,60.0,69.0,80.0,72.0,65.0,43.0,54.0,72.0,59.0,53.0,51.0,51.0,59.0,78.0,69.0,53.0,50.0,43.0,57.0,65.0,57.0,46.0,44.0,44.0,71.0,96.0,99.0,84.0,55.0,44.0,65.0,72.0,57.0,36.0,33.0,43.0,58.0
Parkchester,Bronx,neighborhood,,,,,,,,,,,,,,,,,,,,,,,,,,,,,,,,,,,,,,,,,,,,,,,,,,,,,,,,,,,,,,,,,,,,,,,,,,,,,,,,,,,,,,,,,,,,,,,,,,,
Pelham Bay,Bronx,neighborhood,,,,,,,,,,,,,,,,,,,,,,,,,,,,,,,,,,,,,,,,,,,,,,,,,,,,,,,,,,,,,,,,,,,,,,,,,,,,,,,,,,,,,,,,,,,,,,,,,,,
Pelham Gardens,Bronx,neighborhood,,,,,,,,,,,,,,,,,,,,,,,,,,,,,,,,,,,,,,,,,,,,,,,,,,,,,,,,,,,,,,,,,,,,,,,,,,,,,,,,,,,,,,,,,,,,,,,,,,,
Pelham Parkway,Bronx,neighborhood,17.0,14.0,13.0,15.0,,16.0,16.0,19.0,19.0,19.0,13.0,13.0,10.0,10.0,10.0,10.0,11.0,10.0,11.0,12.0,13.0,15.0,12.0,14.0,14.0,14.0,15.0,15.0,15.0,19.0,16.0,18.0,17.0,16.0,18.0,15.0,16.0,18.0,20.0,24.0,25.0,24.0,24.0,23.0,24.0,23.0,19.0,18.0,18.0,17.0,17.0,13.0,15.0,11.0,12.0,11.0,14.0,15.0,11.0,10.0,,,12.0,10.0,14.0,12.0,10.0,,11.0,10.0,14.0,13.0,13.0,12.0,11.0,11.0,12.0,11.0,,11.0,,,,,,,,,,,10.0,10.0,10.0,10.0,12.0,,,,
Pomonok,Queens,neighborhood,,,,,,,,,,,,,,,,,,,,,,,,,,,,,,,,,,,,,,,,,,,,,,,,,,,,,,,,,,,,,,,,,,,,,,,,,,,,,,,,,,,,,,,,,,,,,,,,,,,
Port Morris,Bronx,neighborhood,,,,,,,,,,,,,,,,,,,,,,,,,,,,,,,,,,,,,,,,,,,,,,,,,,,,,,,,,,,,,,,,,,,,,,,,,,,,,,,,,,,,,,,,,,,,,,,,,,,
Prospect Heights,Brooklyn,neighborhood,31.0,36.0,42.0,40.0,39.0,39.0,34.0,35.0,39.0,47.0,50.0,39.0,39.0,40.0,46.0,47.0,50.0,52.0,63.0,57.0,62.0,64.0,58.0,52.0,50.0,48.0,51.0,57.0,59.0,64.0,50.0,40.0,38.0,43.0,40.0,30.0,29.0,33.0,35.0,35.0,44.0,37.0,23.0,19.0,27.0,27.0,17.0,19.0,21.0,26.0,24.0,22.0,25.0,26.0,29.0,23.0,38.0,42.0,35.0,22.0,15.0,18.0,21.0,27.0,26.0,23.0,24.0,18.0,31.0,32.0,35.0,25.0,17.0,19.0,25.0,30.0,32.0,27.0,21.0,23.0,31.0,32.0,20.0,13.0,17.0,20.0,19.0,25.0,28.0,30.0,29.0,21.0,29.0,27.0,22.0,19.0,17.0,21.0,30.0
Prospect Lefferts Gardens,Brooklyn,neighborhood,10.0,14.0,14.0,16.0,14.0,13.0,11.0,11.0,13.0,11.0,12.0,,,,11.0,14.0,14.0,12.0,10.0,11.0,12.0,12.0,10.0,10.0,10.0,11.0,10.0,10.0,,,,,,,,,11.0,,11.0,,,,,,10.0,11.0,,,10.0,,,,,,,,,,,,,,,,,,,,,,,,,,,,,,,,,,,,,,,,,,,,10.0,10.0,,,,,11.0
Prospect Park,Brooklyn,submarket,137.0,161.0,191.0,207.0,197.0,185.0,168.0,157.0,180.0,189.0,186.0,147.0,144.0,170.0,221.0,244.0,251.0,267.0,264.0,233.0,247.0,251.0,236.0,196.0,185.0,176.0,208.0,230.0,231.0,232.0,192.0,159.0,184.0,200.0,168.0,134.0,137.0,139.0,155.0,175.0,200.0,155.0,115.0,97.0,114.0,123.0,90.0,74.0,81.0,88.0,107.0,125.0,131.0,124.0,120.0,94.0,112.0,127.0,107.0,83.0,87.0,91.0,111.0,133.0,137.0,122.0,112.0,78.0,102.0,128.0,115.0,98.0,82.0,81.0,101.0,126.0,124.0,101.0,89.0,79.0,105.0,118.0,98.0,75.0,79.0,86.0,114.0,150.0,161.0,147.0,118.0,92.0,128.0,133.0,104.0,76.0,69.0,88.0,118.0
Prospect Park South,Brooklyn,neighborhood,,,,,,,,,,,,,,,,10.0,,,,,,,,,,,,,,,,,,11.0,,,13.0,12.0,,,,,,,,,,,,,,,,,,,,,,,,,,,,,,,,,,,,,,,,,,,,,,,,10.0,,,,,,,,,,,,,
Queens,Queens,borough,189.0,206.0,224.0,263.0,260.0,314.0,345.0,346.0,354.0,358.0,363.0,381.0,389.0,422.0,497.0,538.0,596.0,590.0,659.0,560.0,536.0,527.0,482.0,455.0,445.0,438.0,473.0,478.0,524.0,551.0,547.0,560.0,540.0,568.0,536.0,522.0,542.0,566.0,594.0,608.0,588.0,580.0,575.0,556.0,537.0,543.0,543.0,536.0,542.0,559.0,587.0,644.0,655.0,681.0,697.0,710.0,710.0,715.0,702.0,653.0,625.0,638.0,679.0,678.0,723.0,726.0,736.0,711.0,659.0,646.0,642.0,548.0,567.0,567.0,579.0,595.0,642.0,672.0,675.0,651.0,642.0,660.0,651.0,593.0,559.0,547.0,592.0,616.0,653.0,830.0,902.0,873.0,767.0,804.0,790.0,729.0,722.0,753.0,827.0
Queens Village,Queens,neighborhood,,,,,,,,,,,,,,,,,,,,,,,,,,,,,,,,,,,,,,,,,,,,,,,,,,,,,,,,,,,,,,,,,,,,,,,,,,,,,,,,,,,,,,,,,,,,,,,,,,,
Queensboro Hill,Queens,neighborhood,,,,,,,,,,,,,,,,,,,,,,,,,,,,,,,,,,,,,,,,,,,,,,,,,,,,,,,,,,,,,,,,,,,,,,,,,,,,,,,,,,,,,,,,,,,,,,,,,,,
Red Hook,Brooklyn,neighborhood,,,,,,,,,,,,,,,,,,,,,,,,,,,,,,,,,,,,,,,,,,,,,,,,,,,,,,,,,,,,,,,,,,,,,,,,,,,,,,,,,,,,,,,,,,,,,,,,,,,
Rego Park,Queens,neighborhood,,11.0,12.0,15.0,12.0,15.0,16.0,16.0,19.0,19.0,20.0,20.0,22.0,27.0,40.0,47.0,47.0,44.0,42.0,33.0,28.0,26.0,28.0,26.0,24.0,27.0,33.0,36.0,35.0,38.0,42.0,42.0,41.0,43.0,41.0,38.0,39.0,42.0,45.0,49.0,44.0,44.0,54.0,53.0,48.0,53.0,48.0,40.0,38.0,34.0,39.0,39.0,41.0,45.0,50.0,56.0,56.0,59.0,59.0,54.0,48.0,44.0,41.0,42.0,39.0,44.0,52.0,48.0,40.0,48.0,43.0,35.0,38.0,42.0,41.0,43.0,48.0,52.0,55.0,60.0,50.0,46.0,40.0,29.0,37.0,35.0,51.0,53.0,53.0,63.0,64.0,71.0,68.0,74.0,75.0,56.0,53.0,54.0,67.0
Richmond Hill,Queens,neighborhood,,,,,,,,,,,,,,,,,,,,,,,,,,,,,,,,,,,,,,,,,,,,,,,,,,,,,,,,,,,,,,,,,,,,,,,,,,,,,,,,,,,,,,,,,,,,,,,,,,,
Ridgewood,Queens,neighborhood,,,,,,,,,,,,,,,,,,,,,,,,,,,,,,,,,,,,,,,,,,,,,,,,,,,,,,,,,,,,,,,,,,,,,,,,,,,,,,,,,,,,,,,,,,,,,,,,,,,
Riverdale,Bronx,neighborhood,277.0,300.0,318.0,327.0,296.0,292.0,285.0,274.0,272.0,295.0,282.0,284.0,344.0,344.0,383.0,397.0,455.0,474.0,461.0,445.0,410.0,401.0,413.0,393.0,399.0,411.0,437.0,460.0,466.0,471.0,492.0,472.0,464.0,456.0,440.0,429.0,426.0,417.0,451.0,473.0,465.0,470.0,469.0,461.0,444.0,430.0,434.0,403.0,412.0,411.0,456.0,443.0,475.0,473.0,486.0,512.0,495.0,487.0,454.0,409.0,394.0,412.0,437.0,431.0,444.0,451.0,451.0,459.0,450.0,417.0,388.0,367.0,355.0,356.0,367.0,371.0,361.0,360.0,330.0,306.0,292.0,277.0,249.0,242.0,235.0,234.0,258.0,248.0,253.0,257.0,270.0,247.0,255.0,253.0,234.0,202.0,193.0,192.0,208.0
Rockaway All,Queens,neighborhood,,,,,,,,,,,,,,,,,,,,,,,,,,,,,,,,,,,,,,,,,,,,,,,,,,,,,,,,,,,,,,,,,10.0,11.0,10.0,,,,,10.0,,,,,,,13.0,13.0,12.0,12.0,11.0,10.0,10.0,,,,12.0,12.0,15.0,10.0,11.0,10.0,11.0,13.0,10.0,13.0,12.0
Roosevelt Island,Manhattan,neighborhood,,,,,,,,,,,,,,,,,,,,,,,,,,,,,,,,,,,,,,,,,,,,,,,,,,,,,,,,,,,,,,,,,13.0,29.0,26.0,15.0,15.0,17.0,11.0,,,,,,13.0,15.0,17.0,11.0,13.0,14.0,20.0,21.0,14.0,14.0,15.0,16.0,14.0,,,,,,,,,,11.0
Rosedale,Queens,neighborhood,,,,,,,,,,,,,,,,,,,,,,,,,,,,,,,,,,,,,,,,,,,,,,,,,,,,,,,,,,,,,,,,,,,,,,,,,,,,,,,,,,,,,,,,,,,,,,,,,,,
Schuylerville,Bronx,neighborhood,,,,,,,,,,,,,,,,,,,,,,,,,,,,,,,,,,,,,,,,,,,,,,,,,,,,,,,,,,,,,,,,,,,,,,,,,,,,,,,,,,,,,,,,,,,,,,,,,,,
Seagate,Brooklyn,neighborhood,,,,,,,,,,,,,,,,,,,,,,,,,,,,,,,,,,,,,,,,,,,,,,,,,,,,,,,,,,,,,,,,,,,,,,,,,,,,,,,,,,,,,,,,,,,,,,,,,,,
Sheepshead Bay,Brooklyn,neighborhood,38.0,42.0,46.0,47.0,46.0,46.0,51.0,50.0,51.0,46.0,45.0,51.0,51.0,59.0,75.0,82.0,83.0,86.0,84.0,80.0,85.0,89.0,90.0,89.0,89.0,85.0,94.0,89.0,98.0,105.0,113.0,111.0,110.0,96.0,76.0,78.0,88.0,89.0,81.0,84.0,92.0,92.0,93.0,95.0,90.0,101.0,80.0,75.0,72.0,83.0,86.0,90.0,93.0,99.0,92.0,90.0,82.0,84.0,95.0,91.0,98.0,97.0,89.0,84.0,88.0,82.0,68.0,59.0,63.0,70.0,62.0,62.0,57.0,62.0,72.0,77.0,83.0,68.0,65.0,60.0,61.0,65.0,77.0,75.0,69.0,63.0,67.0,69.0,79.0,76.0,87.0,97.0,84.0,91.0,98.0,91.0,92.0,91.0,86.0
Soho,Manhattan,neighborhood,45.0,51.0,61.0,68.0,59.0,70.0,67.0,60.0,69.0,66.0,63.0,55.0,53.0,55.0,57.0,59.0,59.0,57.0,59.0,58.0,54.0,58.0,53.0,49.0,53.0,46.0,53.0,57.0,69.0,64.0,57.0,52.0,52.0,53.0,49.0,40.0,38.0,33.0,31.0,38.0,37.0,40.0,32.0,30.0,39.0,41.0,38.0,36.0,36.0,38.0,35.0,39.0,42.0,44.0,45.0,35.0,38.0,37.0,34.0,33.0,30.0,32.0,31.0,38.0,43.0,37.0,30.0,26.0,28.0,36.0,30.0,28.0,27.0,42.0,41.0,51.0,52.0,46.0,36.0,36.0,54.0,55.0,55.0,46.0,45.0,56.0,56.0,61.0,62.0,59.0,59.0,56.0,57.0,65.0,55.0,49.0,45.0,45.0,52.0
Soundview,Bronx,neighborhood,,,,,,,,,,,,,,,,,,,,,,,,,,,,,,,,,,,,,,,,,,,,,,,,,,,,,,,,,,,,,,,,,,,,,,,,,,,,,,,,,,,,,,,,16.0,13.0,12.0,10.0,,,,,,,,
South Brooklyn,Brooklyn,submarket,260.0,274.0,292.0,318.0,305.0,304.0,315.0,318.0,332.0,342.0,343.0,336.0,346.0,340.0,390.0,387.0,404.0,413.0,405.0,410.0,407.0,409.0,400.0,387.0,398.0,382.0,412.0,439.0,449.0,461.0,450.0,456.0,437.0,414.0,376.0,356.0,377.0,380.0,360.0,399.0,409.0,410.0,388.0,375.0,363.0,392.0,356.0,325.0,341.0,357.0,382.0,409.0,430.0,421.0,394.0,382.0,404.0,402.0,406.0,354.0,374.0,387.0,391.0,408.0,424.0,394.0,356.0,324.0,356.0,367.0,348.0,321.0,340.0,353.0,414.0,412.0,437.0,426.0,399.0,372.0,390.0,425.0,444.0,402.0,388.0,401.0,423.0,431.0,496.0,503.0,519.0,525.0,509.0,564.0,540.0,489.0,497.0,521.0,561.0
South Jamaica,Queens,neighborhood,,,,,,,,,,,,,,,,,,,,,,,,,,,,,,,,,,,,,,,,,,,,,,,,,,,,,,,,,,,,,,,,,,,,,,,,,,,,,,,,,,,,,,,,,,,,,,,,,,,
South Ozone Park,Queens,neighborhood,,,,,,,,,,,,,,,,,,,,,,,,,,,,,,,,,,,,,,,,,,,,,,,,,,,,,,,,,,,,,,,,,,,,,,,,,,,,,,,,,,,,,,,,,,,,,,,,,,,
South Queens,Queens,submarket,,13.0,15.0,13.0,13.0,13.0,15.0,14.0,14.0,16.0,14.0,14.0,13.0,13.0,20.0,21.0,23.0,26.0,28.0,28.0,24.0,23.0,14.0,19.0,17.0,17.0,19.0,18.0,20.0,20.0,19.0,18.0,16.0,17.0,15.0,17.0,15.0,15.0,15.0,17.0,15.0,17.0,20.0,18.0,19.0,23.0,25.0,27.0,27.0,29.0,27.0,27.0,24.0,28.0,28.0,29.0,31.0,35.0,32.0,40.0,38.0,31.0,29.0,30.0,32.0,31.0,33.0,34.0,31.0,30.0,29.0,26.0,21.0,25.0,25.0,21.0,23.0,22.0,22.0,27.0,27.0,24.0,29.0,26.0,24.0,23.0,31.0,28.0,24.0,28.0,36.0,31.0,22.0,25.0,24.0,20.0,21.0,30.0,36.0
South Richmond Hill,Queens,neighborhood,,,,,,,,,,,,,,,,,,,,,,,,,,,,,,,,,,,,,,,,,,,,,,,,,,,,,,,,,,,,,,,,,,,,,,,,,,,,,,,,,,,,,,,,,,,,,,,,,,,
Springfield Gardens,Queens,neighborhood,,,,,,,,,,,,,,,,,,,,,,,,,,,,,,,,,,,,,,,,,,,,,,,,,,,,,,,,,,,,,,,,,,,,,,,,,,,,,,,,,,,,,,,,,,,,,,,,,,,
St. Albans,Queens,neighborhood,,,,,,,,,,,,,,,,,,,,,,,,,,,,,,,,,,,,,,,,,,,,,,,,,,,,,,,,,,,,,,,,,,,,,,,,,,,,,,,,,,,,,,,,,,,,,,,,,,,
Staten Island,Staten Island,borough,,,,,,,,,,,,,,,,,,,,,,,,,,,,,,,,60.0,69.0,73.0,73.0,72.0,70.0,74.0,74.0,70.0,69.0,73.0,70.0,69.0,64.0,51.0,64.0,54.0,56.0,55.0,54.0,49.0,53.0,54.0,49.0,41.0,35.0,33.0,20.0,11.0,,,,,,,,,,,,,,,,,,,,,,,,,,,,,,,,,,,,,,,
Stuyvesant Town/PCV,Manhattan,neighborhood,,,,,,,,,,,,,,,,,,,,,,,,,,,,,,,,,,,,,,,,,,,,,,,,,,,,,,,,,,,,,,,,,,,,,,,,,,,,,,,,,,,,,,,,,,,,,,,,,,,
Sunnyside,Queens,neighborhood,12.0,13.0,13.0,12.0,,12.0,13.0,12.0,18.0,15.0,15.0,15.0,13.0,11.0,23.0,25.0,27.0,23.0,21.0,21.0,21.0,26.0,21.0,18.0,19.0,21.0,21.0,21.0,26.0,26.0,26.0,28.0,18.0,24.0,21.0,18.0,18.0,22.0,24.0,22.0,23.0,25.0,28.0,21.0,12.0,10.0,10.0,10.0,,,12.0,17.0,17.0,20.0,25.0,24.0,22.0,25.0,26.0,20.0,18.0,19.0,22.0,20.0,18.0,26.0,27.0,25.0,24.0,23.0,24.0,21.0,22.0,19.0,15.0,23.0,28.0,25.0,22.0,18.0,22.0,19.0,19.0,18.0,18.0,19.0,19.0,20.0,20.0,26.0,26.0,27.0,24.0,27.0,22.0,15.0,15.0,16.0,23.0
Sunset Park,Brooklyn,neighborhood,10.0,13.0,16.0,17.0,16.0,16.0,19.0,21.0,18.0,19.0,24.0,26.0,27.0,22.0,27.0,29.0,32.0,32.0,28.0,29.0,27.0,27.0,23.0,22.0,24.0,25.0,22.0,26.0,25.0,26.0,25.0,22.0,20.0,21.0,16.0,19.0,16.0,24.0,19.0,18.0,16.0,18.0,17.0,15.0,11.0,12.0,,,,,,,,,,,,12.0,10.0,,,,,,,,,,10.0,10.0,,,,,,10.0,13.0,12.0,12.0,11.0,20.0,23.0,21.0,18.0,17.0,16.0,13.0,13.0,15.0,16.0,10.0,11.0,14.0,13.0,11.0,,12.0,12.0,12.0
The Rockaways,Queens,submarket,,,,,,,,,,,,,,,,,,,,,,,,,,,,,,,,,,,,,,,,,,,,,,,,,,,,,,,,,,,,,,,,,10.0,11.0,10.0,,,,,10.0,,,,,,,13.0,13.0,12.0,12.0,11.0,10.0,10.0,,,,12.0,12.0,15.0,10.0,11.0,10.0,11.0,13.0,10.0,13.0,12.0
Throgs Neck,Bronx,neighborhood,,,,,,,,,,,,,,,,,,,,,,,,,,,,,,,,,,,,,,,,,,,,,,,,,,,,,,,,,,,,,,,,,,,,,,,,,,,,,,,,,,,,,,,,,,,,,,,,,,,
Tremont,Bronx,neighborhood,,,,,,,,,,,,,,,,,,,,,,,,,,,,,,,,,,,,,,,,,,,,,,,,,,,,,,,,,,,,,,,,,,,,,,,,,,,,,,,,,,,,,,,,,,,,,,,,,,,
Tribeca,Manhattan,neighborhood,41.0,43.0,47.0,49.0,36.0,28.0,24.0,23.0,25.0,25.0,24.0,25.0,24.0,25.0,25.0,30.0,36.0,39.0,28.0,25.0,29.0,33.0,32.0,34.0,34.0,32.0,35.0,37.0,31.0,30.0,26.0,23.0,25.0,26.0,23.0,21.0,20.0,19.0,24.0,40.0,45.0,39.0,32.0,27.0,22.0,27.0,23.0,18.0,14.0,11.0,15.0,22.0,28.0,23.0,21.0,17.0,17.0,21.0,13.0,12.0,13.0,14.0,21.0,21.0,19.0,21.0,18.0,15.0,18.0,21.0,18.0,16.0,12.0,15.0,24.0,32.0,34.0,33.0,30.0,26.0,23.0,28.0,28.0,26.0,24.0,30.0,44.0,46.0,49.0,46.0,36.0,31.0,36.0,40.0,39.0,32.0,31.0,31.0,30.0
University Heights,Bronx,neighborhood,23.0,17.0,17.0,15.0,12.0,15.0,15.0,11.0,11.0,12.0,10.0,12.0,12.0,12.0,14.0,15.0,19.0,18.0,18.0,16.0,12.0,,11.0,10.0,,11.0,16.0,17.0,16.0,14.0,17.0,15.0,17.0,18.0,15.0,13.0,14.0,13.0,12.0,11.0,17.0,15.0,13.0,11.0,11.0,11.0,,,,10.0,13.0,14.0,13.0,,,,10.0,10.0,11.0,12.0,14.0,17.0,16.0,17.0,14.0,17.0,19.0,15.0,16.0,10.0,,,,,,,,,,,,,11.0,10.0,,,11.0,11.0,11.0,11.0,,,,,,,,10.0,11.0
Upper East Side,Manhattan,neighborhood,1341.0,1421.0,1508.0,1549.0,1536.0,1485.0,1406.0,1343.0,1425.0,1516.0,1481.0,1354.0,1379.0,1407.0,1495.0,1505.0,1524.0,1483.0,1419.0,1288.0,1367.0,1447.0,1377.0,1266.0,1348.0,1387.0,1533.0,1498.0,1498.0,1422.0,1342.0,1241.0,1285.0,1322.0,1233.0,1108.0,1168.0,1257.0,1270.0,1306.0,1291.0,1179.0,1032.0,959.0,1016.0,1061.0,933.0,815.0,872.0,906.0,944.0,980.0,1003.0,934.0,883.0,826.0,939.0,1050.0,939.0,848.0,847.0,907.0,922.0,968.0,971.0,959.0,868.0,760.0,840.0,916.0,843.0,752.0,741.0,810.0,902.0,1001.0,996.0,996.0,901.0,808.0,859.0,958.0,912.0,803.0,822.0,905.0,979.0,1044.0,1055.0,1003.0,948.0,866.0,967.0,1061.0,1026.0,928.0,953.0,1044.0,1143.0
Upper West Side,Manhattan,neighborhood,723.0,736.0,777.0,831.0,822.0,807.0,756.0,703.0,757.0,822.0,774.0,704.0,749.0,775.0,823.0,864.0,859.0,853.0,796.0,735.0,790.0,794.0,772.0,677.0,711.0,752.0,800.0,795.0,762.0,697.0,603.0,542.0,575.0,604.0,560.0,466.0,498.0,517.0,584.0,650.0,671.0,607.0,537.0,496.0,535.0,574.0,515.0,428.0,440.0,486.0,515.0,549.0,596.0,567.0,527.0,464.0,524.0,573.0,501.0,403.0,413.0,458.0,475.0,518.0,538.0,526.0,459.0,409.0,455.0,524.0,458.0,377.0,360.0,397.0,473.0,532.0,523.0,503.0,443.0,400.0,484.0,535.0,486.0,404.0,405.0,420.0,470.0,530.0,574.0,561.0,523.0,462.0,543.0,611.0,565.0,473.0,487.0,511.0,557.0
Utopia,Queens,neighborhood,,,,,,,,,,,,,,,,,,,,,,,,,,,,,,,,,,,,,,,,,,,,,,,,,,,,,,,,,,,,,,,,,,,,,,,,,,,,,,,,,,,,,,,,,,,,,,,,,,,
Van Nest,Bronx,neighborhood,,,,,,,,,,,,,,,,,,,,,,,,,,,,,,,,,,,,,,,,,,,,,,,,,,,,,,,,,,,,,,,,,,,,,,,,,,,,,,,,,,,,,,,,,,,,,,,,,,,
Wakefield,Bronx,neighborhood,,,,,,,,,,,,,,,,,,,,,,,,,,,,,,,,,,,,,,,,,,,,,,,,,,,,,,,,,,,,,,,,,,,,,,,,,,,,,,,,,,,,,,,,,,,,,,,,,,,
Washington Heights,Manhattan,neighborhood,171.0,178.0,192.0,191.0,182.0,171.0,170.0,161.0,183.0,198.0,181.0,161.0,159.0,156.0,184.0,187.0,190.0,199.0,195.0,182.0,197.0,191.0,182.0,167.0,174.0,175.0,185.0,188.0,197.0,194.0,179.0,165.0,172.0,168.0,156.0,149.0,134.0,130.0,132.0,146.0,150.0,135.0,133.0,116.0,128.0,126.0,116.0,99.0,99.0,108.0,108.0,123.0,139.0,120.0,106.0,92.0,101.0,105.0,104.0,83.0,93.0,102.0,113.0,112.0,104.0,105.0,100.0,104.0,106.0,106.0,90.0,72.0,66.0,73.0,97.0,108.0,100.0,102.0,96.0,91.0,102.0,91.0,82.0,61.0,63.0,74.0,85.0,83.0,91.0,87.0,84.0,77.0,98.0,110.0,116.0,95.0,86.0,86.0,92.0
West Harlem,Manhattan,neighborhood,,,,,,,,,,,,,,,,,,,,,,,,,,,,,,,,,,11.0,11.0,11.0,13.0,13.0,,,,,,,,,,,,,,,,,,,,,,,,,,,,,,,,,,,,,,,,,,,,,,,,,,,,,,,,,,,,,
West Village,Manhattan,neighborhood,89.0,92.0,116.0,128.0,116.0,114.0,117.0,114.0,137.0,141.0,119.0,113.0,120.0,116.0,123.0,117.0,113.0,123.0,128.0,107.0,119.0,119.0,112.0,106.0,100.0,107.0,107.0,113.0,112.0,101.0,84.0,68.0,80.0,77.0,67.0,56.0,53.0,66.0,72.0,86.0,98.0,90.0,72.0,55.0,50.0,60.0,54.0,39.0,45.0,52.0,55.0,74.0,76.0,64.0,73.0,74.0,74.0,80.0,72.0,56.0,54.0,65.0,73.0,76.0,79.0,81.0,66.0,73.0,77.0,87.0,84.0,67.0,71.0,87.0,98.0,99.0,93.0,82.0,81.0,69.0,82.0,89.0,86.0,74.0,72.0,74.0,91.0,91.0,96.0,93.0,88.0,67.0,85.0,87.0,96.0,75.0,85.0,77.0,95.0
Westchester Village,Bronx,neighborhood,,,,,,,,,,,,,,,,,,,,,,,,,,,,,,,,,,,,,,,,,,,,,,,,,,,,,,,,,,,,,,,,,,,,,,,,,,,,,,,,,,,,,,,,,,,,,,,,,,,
Whitestone,Queens,neighborhood,,,,,,,,,,,,,,,,,,,12.0,10.0,,,,,,,,,,,,,,,,,,,,,,,,,10.0,,10.0,,10.0,11.0,13.0,12.0,15.0,14.0,17.0,19.0,22.0,16.0,13.0,11.0,,,,12.0,13.0,12.0,11.0,13.0,,,10.0,,,,,,,12.0,12.0,12.0,14.0,15.0,15.0,16.0,13.0,14.0,16.0,16.0,18.0,28.0,29.0,27.0,23.0,24.0,24.0,22.0,21.0,20.0,21.0
Williamsbridge,Bronx,neighborhood,,,,,,,,,,,,,,,,,,,,,,,,,,,,,,,,,,,,,,,,,,,,,,,,,,,,,,,,,,,,,,,,,,,,,,,,,,,,,,,,,,,,,,,,,,,,,,,,,,,
Williamsburg,Brooklyn,neighborhood,,10.0,10.0,,,,,,,,,,,10.0,,,,,,,10.0,12.0,12.0,,,10.0,10.0,10.0,12.0,10.0,11.0,11.0,11.0,,,,,,,12.0,15.0,16.0,13.0,13.0,14.0,14.0,13.0,,,,,,,,,,10.0,,,,,,,,,,,,,,,,,,11.0,13.0,,15.0,18.0,17.0,20.0,17.0,19.0,15.0,12.0,14.0,13.0,21.0,28.0,30.0,26.0,21.0,24.0,21.0,21.0,20.0,19.0,17.0,15.0
Windsor Terrace,Brooklyn,neighborhood,15.0,16.0,21.0,28.0,28.0,30.0,24.0,23.0,25.0,22.0,23.0,17.0,16.0,24.0,32.0,35.0,31.0,36.0,32.0,25.0,29.0,30.0,32.0,26.0,26.0,25.0,26.0,29.0,30.0,30.0,21.0,23.0,26.0,29.0,26.0,22.0,20.0,18.0,19.0,20.0,17.0,12.0,12.0,13.0,11.0,11.0,,,,,,15.0,18.0,15.0,18.0,17.0,16.0,16.0,10.0,,11.0,14.0,17.0,24.0,22.0,18.0,14.0,,11.0,17.0,13.0,13.0,,,11.0,13.0,13.0,12.0,12.0,,11.0,14.0,13.0,,11.0,10.0,12.0,17.0,22.0,20.0,19.0,16.0,17.0,18.0,13.0,11.0,10.0,11.0,13.0
Woodhaven,Queens,neighborhood,,,,,,,,,,,,,,,,,,,,,,,,,,,,,,,,,,,,,,,,,,,,,,,,,,,,,,,,,,,,,,,,,,,,,,,,,,,,,,,,,,,,,,,,,,,,,,,,,,,
Woodlawn,Bronx,neighborhood,,,,,,,,,,,,,,,,,,,,,,,,,,,,,,,,,,,,,,,,,,,,,,,,,,,,,,,,,,,,,,,,,,,,,,,,,,,,,,,,,,,,,,,,,,,,,,,,,,,
Woodside,Queens,neighborhood,10.0,11.0,12.0,11.0,12.0,10.0,12.0,14.0,16.0,16.0,15.0,11.0,12.0,12.0,10.0,10.0,14.0,19.0,28.0,27.0,35.0,34.0,34.0,31.0,24.0,24.0,20.0,18.0,21.0,18.0,18.0,24.0,22.0,30.0,32.0,29.0,25.0,18.0,18.0,18.0,21.0,20.0,17.0,15.0,15.0,12.0,14.0,13.0,13.0,13.0,16.0,21.0,24.0,21.0,18.0,14.0,14.0,15.0,15.0,10.0,10.0,,11.0,14.0,11.0,10.0,13.0,17.0,15.0,17.0,17.0,15.0,17.0,17.0,13.0,20.0,23.0,19.0,17.0,17.0,18.0,25.0,23.0,16.0,20.0,17.0,21.0,20.0,21.0,23.0,27.0,24.0,22.0,21.0,26.0,26.0,25.0,29.0,37.0
Woodstock,Bronx,neighborhood,,,,,,,,,,,,,,,,,,,,,,,,,,,,,,,,,,,,,,,,,,,,,,,,,,,,,,,,,,,,,,,,,,,,,,,,,,,,,,,,,,,,,,,,,,,,,,,,,,,
